,STATION,DATE,TEMP,MAX,MIN,CELSIUS
0,RPM00098646,2017-01-01,79.70,86.00,,26.50
1,RPM00098646,2017-01-02,79.88,85.64,,26.60
2,RPM00098646,2017-01-03,82.40,88.52,76.64,28.00
3,RPM00098646,2017-01-04,82.04,89.24,,27.80
4,RPM00098646,2017-01-05,81.32,88.52,77.00,27.40
5,RPM00098646,2017-01-06,80.42,86.00,,26.90
6,RPM00098646,2017-01-07,79.88,84.56,76.10,26.60
7,RPM00098646,2017-01-08,77.90,79.16,76.28,25.50
8,RPM00098646,2017-01-09,78.98,83.30,75.92,26.10
9,RPM00098646,2017-01-10,77.72,,75.92,25.40
10,RPM00098646,2017-01-11,76.28,,,24.60
11,RPM00098646,2017-01-12,78.98,86.72,,26.10
12,RPM00098646,2017-01-13,78.44,86.00,74.48,25.80
13,RPM00098646,2017-01-14,78.08,80.60,75.56,25.60
14,RPM00098646,2017-01-15,80.60,86.00,76.46,27.00
15,RPM00098646,2017-01-16,75.92,77.54,,24.40
16,RPM00098646,2017-01-17,77.54,80.78,74.66,25.30
17,RPM00098646,2017-01-18,78.62,84.20,74.48,25.90
18,RPM00098646,2017-01-19,77.54,,,25.30
19,RPM00098646,2017-01-20,80.78,86.36,74.66,27.10
20,RPM00098646,2017-01-21,80.42,86.36,76.10,26.90
21,RPM00098646,2017-01-22,80.96,,76.64,27.20
22,RPM00098646,2017-01-23,81.14,86.72,,27.30
23,RPM00098646,2017-01-24,81.14,86.36,75.92,27.30
24,RPM00098646,2017-01-25,80.42,86.90,,26.90
25,RPM00098646,2017-01-26,79.88,86.00,,26.60
26,RPM00098646,2017-01-27,80.42,86.90,75.02,26.90
27,RPM00098646,2017-01-28,78.62,,,25.90
28,RPM00098646,2017-01-29,80.96,86.90,75.20,27.20
29,RPM00098646,2017-01-30,81.86,88.88,76.28,27.70
30,RPM00098646,2017-01-31,82.22,,77.00,27.90
31,RPM00098646,2017-02-01,78.44,86.00,,25.80
32,RPM00098646,2017-02-02,81.68,89.60,76.28,27.60
33,RPM00098646,2017-02-03,78.44,83.30,,25.80
34,RPM00098646,2017-02-04,79.88,85.10,75.02,26.60
35,RPM00098646,2017-02-05,81.14,86.90,75.20,27.30
36,RPM00098646,2017-02-06,80.24,,,26.80
37,RPM00098646,2017-02-07,80.78,,74.84,27.10
38,RPM00098646,2017-02-08,81.50,,,27.50
39,RPM00098646,2017-02-09,80.78,87.44,,27.10
40,RPM00098646,2017-02-10,79.16,85.64,,26.20
41,RPM00098646,2017-02-11,79.70,86.36,74.48,26.50
42,RPM00098646,2017-02-12,78.80,86.00,,26.00
43,RPM00098646,2017-02-13,78.98,84.92,73.40,26.10
44,RPM00098646,2017-02-14,79.16,85.28,73.76,26.20
45,RPM00098646,2017-02-15,79.88,85.64,,26.60
46,RPM00098646,2017-02-16,75.92,79.16,,24.40
47,RPM00098646,2017-02-17,80.06,85.64,73.22,26.70
48,RPM00098646,2017-02-18,80.78,87.08,76.64,27.10
49,RPM00098646,2017-02-19,79.88,85.28,,26.60
50,RPM00098646,2017-02-20,77.54,81.50,,25.30
51,RPM00098646,2017-02-21,80.96,86.00,,27.20
52,RPM00098646,2017-02-22,80.06,85.82,75.92,26.70
53,RPM00098646,2017-02-23,78.44,86.36,,25.80
54,RPM00098646,2017-02-24,79.70,85.64,,26.50
55,RPM00098646,2017-02-25,80.96,88.16,73.40,27.20
56,RPM00098646,2017-02-26,82.04,,75.20,27.80
57,RPM00098646,2017-02-27,81.50,86.00,,27.50
58,RPM00098646,2017-02-28,80.96,88.52,,27.20
59,RPM00098646,2017-03-01,81.50,87.80,75.20,27.50
60,RPM00098646,2017-03-02,81.68,88.70,76.82,27.60
61,RPM00098646,2017-03-03,80.96,88.34,,27.20
62,RPM00098646,2017-03-04,81.32,88.70,75.56,27.40
63,RPM00098646,2017-03-05,82.04,,76.46,27.80
64,RPM00098646,2017-03-06,80.06,84.20,77.00,26.70
65,RPM00098646,2017-03-07,79.88,86.18,,26.60
66,RPM00098646,2017-03-08,79.88,87.80,,26.60
67,RPM00098646,2017-03-09,78.62,82.40,73.76,25.90
68,RPM00098646,2017-03-10,81.50,87.80,74.48,27.50
69,RPM00098646,2017-03-11,79.34,84.20,76.64,26.30
70,RPM00098646,2017-03-12,80.96,86.90,,27.20
71,RPM00098646,2017-03-13,80.78,86.36,75.92,27.10
72,RPM00098646,2017-03-14,82.58,,75.20,28.10
73,RPM00098646,2017-03-15,81.32,88.88,,27.40
74,RPM00098646,2017-03-16,78.98,85.28,,26.10
75,RPM00098646,2017-03-17,81.32,87.80,74.48,27.40
76,RPM00098646,2017-03-18,80.24,86.54,,26.80
77,RPM00098646,2017-03-19,81.68,87.80,73.94,27.60
78,RPM00098646,2017-03-20,78.62,83.30,,25.90
79,RPM00098646,2017-03-21,81.86,,75.56,27.70
80,RPM00098646,2017-03-22,82.94,90.32,,28.30
81,RPM00098646,2017-03-23,82.94,90.32,75.20,28.30
82,RPM00098646,2017-03-24,83.84,,76.64,28.80
83,RPM00098646,2017-03-25,84.02,91.04,,28.90
84,RPM00098646,2017-03-26,83.48,90.68,77.18,28.60
85,RPM00098646,2017-03-27,82.76,88.70,78.44,28.20
86,RPM00098646,2017-03-28,80.24,85.28,,26.80
87,RPM00098646,2017-03-29,82.22,88.16,75.92,27.90
88,RPM00098646,2017-03-30,79.34,85.10,,26.30
89,RPM00098646,2017-03-31,78.08,81.50,75.92,25.60
90,RPM00098646,2017-04-01,81.86,,76.10,27.70
91,RPM00098646,2017-04-02,81.68,88.16,,27.60
92,RPM00098646,2017-04-03,78.62,86.54,,25.90
93,RPM00098646,2017-04-04,76.46,77.54,74.84,24.70
94,RPM00098646,2017-04-05,80.96,,74.84,27.20
95,RPM00098646,2017-04-06,80.24,84.56,76.28,26.80
96,RPM00098646,2017-04-07,81.50,,,27.50
97,RPM00098646,2017-04-08,82.58,88.70,77.00,28.10
98,RPM00098646,2017-04-09,81.86,88.52,,27.70
99,RPM00098646,2017-04-10,81.32,89.42,,27.40
100,RPM00098646,2017-04-11,83.12,89.96,74.84,28.40
101,RPM00098646,2017-04-12,83.48,,77.00,28.60
102,RPM00098646,2017-04-13,84.38,91.04,78.08,29.10
103,RPM00098646,2017-04-14,84.02,90.50,79.16,28.90
104,RPM00098646,2017-04-15,82.04,88.70,,27.80
105,RPM00098646,2017-04-16,79.16,83.30,,26.20
106,RPM00098646,2017-04-17,83.12,,75.92,28.40
107,RPM00098646,2017-04-18,82.58,90.14,75.74,28.10
108,RPM00098646,2017-04-19,83.48,89.60,75.56,28.60
109,RPM00098646,2017-04-20,83.84,89.96,77.00,28.80
110,RPM00098646,2017-04-21,83.66,,78.08,28.70
111,RPM00098646,2017-04-22,84.02,,78.08,28.90
112,RPM00098646,2017-04-23,84.02,91.04,78.44,28.90
113,RPM00098646,2017-04-24,84.38,90.32,78.08,29.10
114,RPM00098646,2017-04-25,83.84,89.60,77.72,28.80
115,RPM00098646,2017-04-26,84.56,89.96,,29.20
116,RPM00098646,2017-04-27,82.58,89.96,,28.10
117,RPM00098646,2017-04-28,83.12,89.60,75.92,28.40
118,RPM00098646,2017-04-29,84.20,91.58,76.46,29.00
119,RPM00098646,2017-04-30,84.38,91.94,78.44,29.10
120,RPM00098646,2017-05-01,85.10,92.30,78.08,29.50
121,RPM00098646,2017-05-02,86.00,94.10,79.16,30.00
122,RPM00098646,2017-05-03,82.58,92.30,,28.10
123,RPM00098646,2017-05-04,84.92,90.32,74.30,29.40
124,RPM00098646,2017-05-05,85.46,90.68,79.88,29.70
125,RPM00098646,2017-05-06,85.46,89.78,80.60,29.70
126,RPM00098646,2017-05-07,81.14,86.90,,27.30
127,RPM00098646,2017-05-08,84.20,89.42,77.00,29.00
128,RPM00098646,2017-05-09,82.94,90.32,,28.30
129,RPM00098646,2017-05-10,83.48,89.60,77.00,28.60
130,RPM00098646,2017-05-11,82.76,87.80,78.80,28.20
131,RPM00098646,2017-05-12,82.04,86.72,,27.80
132,RPM00098646,2017-05-13,82.76,88.34,78.26,28.20
133,RPM00098646,2017-05-14,84.74,89.96,79.52,29.30
134,RPM00098646,2017-05-15,83.84,89.96,,28.80
135,RPM00098646,2017-05-16,84.02,90.50,,28.90
136,RPM00098646,2017-05-17,84.56,,77.54,29.20
137,RPM00098646,2017-05-18,85.10,91.94,77.72,29.50
138,RPM00098646,2017-05-19,86.00,92.66,79.70,30.00
139,RPM00098646,2017-05-20,83.84,91.22,,28.80
140,RPM00098646,2017-05-21,85.46,93.20,76.82,29.70
141,RPM00098646,2017-05-22,82.94,89.78,,28.30
142,RPM00098646,2017-05-23,83.66,92.12,78.80,28.70
143,RPM00098646,2017-05-24,84.38,92.48,,29.10
144,RPM00098646,2017-05-25,83.66,91.40,78.80,28.70
145,RPM00098646,2017-05-26,84.20,92.30,79.16,29.00
146,RPM00098646,2017-05-27,85.46,91.58,79.52,29.70
147,RPM00098646,2017-05-28,85.46,,,29.70
148,RPM00098646,2017-05-29,86.18,91.94,,30.10
149,RPM00098646,2017-05-30,85.64,92.48,,29.80
150,RPM00098646,2017-05-31,84.74,92.48,,29.30
151,RPM00098646,2017-06-01,85.46,92.66,,29.70
152,RPM00098646,2017-06-02,86.00,93.56,78.80,30.00
153,RPM00098646,2017-06-03,86.00,94.46,,30.00
154,RPM00098646,2017-06-04,86.36,96.44,,30.20
155,RPM00098646,2017-06-05,82.94,,,28.30
156,RPM00098646,2017-06-06,82.58,,75.92,28.10
157,RPM00098646,2017-06-07,83.48,,76.64,28.60
158,RPM00098646,2017-06-08,79.52,84.20,,26.40
159,RPM00098646,2017-06-09,80.78,85.28,75.02,27.10
160,RPM00098646,2017-06-10,83.48,90.50,78.08,28.60
161,RPM00098646,2017-06-11,84.92,92.30,78.44,29.40
162,RPM00098646,2017-06-12,83.12,90.50,78.08,28.40
163,RPM00098646,2017-06-13,84.74,91.76,78.44,29.30
164,RPM00098646,2017-06-14,85.10,,,29.50
165,RPM00098646,2017-06-15,85.28,,,29.60
166,RPM00098646,2017-06-16,84.74,91.04,,29.30
167,RPM00098646,2017-06-17,83.84,90.14,,28.80
168,RPM00098646,2017-06-18,84.20,90.32,75.38,29.00
169,RPM00098646,2017-06-19,84.56,90.50,77.00,29.20
170,RPM00098646,2017-06-20,83.48,91.04,77.72,28.60
171,RPM00098646,2017-06-21,82.58,90.68,,28.10
172,RPM00098646,2017-06-22,83.48,90.32,75.02,28.60
173,RPM00098646,2017-06-23,83.84,,,28.80
174,RPM00098646,2017-06-24,81.86,87.80,,27.70
175,RPM00098646,2017-06-25,85.10,,77.36,29.50
176,RPM00098646,2017-06-26,83.48,91.04,,28.60
177,RPM00098646,2017-06-27,83.48,91.40,,28.60
178,RPM00098646,2017-06-28,81.86,89.78,,27.70
179,RPM00098646,2017-06-29,83.84,92.30,75.92,28.80
180,RPM00098646,2017-06-30,81.50,88.52,,27.50
181,RPM00098646,2017-07-01,81.14,88.88,,27.30
182,RPM00098646,2017-07-02,80.42,87.80,76.28,26.90
183,RPM00098646,2017-07-03,80.78,86.36,75.92,27.10
184,RPM00098646,2017-07-04,81.14,88.88,75.92,27.30
185,RPM00098646,2017-07-05,83.30,89.78,77.00,28.50
186,RPM00098646,2017-07-06,82.58,,,28.10
187,RPM00098646,2017-07-07,81.68,86.18,75.38,27.60
188,RPM00098646,2017-07-08,81.68,89.60,,27.60
189,RPM00098646,2017-07-09,80.96,88.16,,27.20
190,RPM00098646,2017-07-10,81.86,,76.28,27.70
191,RPM00098646,2017-07-11,80.06,,77.00,26.70
192,RPM00098646,2017-07-12,81.50,88.16,76.82,27.50
193,RPM00098646,2017-07-13,81.32,,74.66,27.40
194,RPM00098646,2017-07-14,80.96,87.08,76.82,27.20
195,RPM00098646,2017-07-15,79.34,85.28,76.46,26.30
196,RPM00098646,2017-07-16,81.86,88.70,75.74,27.70
197,RPM00098646,2017-07-17,83.48,,75.92,28.60
198,RPM00098646,2017-07-18,81.32,88.88,,27.40
199,RPM00098646,2017-07-19,81.32,88.52,73.76,27.40
200,RPM00098646,2017-07-20,82.40,90.14,75.02,28.00
201,RPM00098646,2017-07-21,80.42,89.60,,26.90
202,RPM00098646,2017-07-22,80.06,88.34,,26.70
203,RPM00098646,2017-07-23,78.62,,74.84,25.90
204,RPM00098646,2017-07-24,83.48,,,28.60
205,RPM00098646,2017-07-25,82.40,,75.92,28.00
206,RPM00098646,2017-07-26,83.84,89.78,78.08,28.80
207,RPM00098646,2017-07-27,84.56,,78.62,29.20
208,RPM00098646,2017-07-28,85.64,93.20,79.70,29.80
209,RPM00098646,2017-07-29,85.46,92.84,77.90,29.70
210,RPM00098646,2017-07-30,85.28,91.76,79.70,29.60
211,RPM00098646,2017-07-31,86.18,93.02,80.24,30.10
212,RPM00098646,2017-08-01,85.46,92.12,80.24,29.70
213,RPM00098646,2017-08-02,84.74,91.40,,29.30
214,RPM00098646,2017-08-03,84.02,91.04,,28.90
215,RPM00098646,2017-08-04,82.04,90.68,,27.80
216,RPM00098646,2017-08-05,84.92,92.12,77.00,29.40
217,RPM00098646,2017-08-06,83.84,,,28.80
218,RPM00098646,2017-08-07,82.58,91.76,,28.10
219,RPM00098646,2017-08-08,83.84,91.40,75.92,28.80
220,RPM00098646,2017-08-09,84.02,92.84,76.10,28.90
221,RPM00098646,2017-08-10,84.02,92.84,76.64,28.90
222,RPM00098646,2017-08-11,84.02,,76.64,28.90
223,RPM00098646,2017-08-12,83.66,92.12,77.90,28.70
224,RPM00098646,2017-08-13,83.48,,77.72,28.60
225,RPM00098646,2017-08-14,83.84,,,28.80
226,RPM00098646,2017-08-15,83.48,88.34,76.64,28.60
227,RPM00098646,2017-08-16,81.32,86.18,76.10,27.40
228,RPM00098646,2017-08-17,82.22,88.34,,27.90
229,RPM00098646,2017-08-18,82.58,91.76,76.64,28.10
230,RPM00098646,2017-08-19,82.40,86.54,75.20,28.00
231,RPM00098646,2017-08-20,82.04,89.78,77.00,27.80
232,RPM00098646,2017-08-21,81.68,89.06,77.00,27.60
233,RPM00098646,2017-08-22,84.02,91.22,77.72,28.90
234,RPM00098646,2017-08-23,82.76,,,28.20
235,RPM00098646,2017-08-24,80.06,87.08,75.20,26.70
236,RPM00098646,2017-08-25,81.14,88.34,75.20,27.30
237,RPM00098646,2017-08-26,82.76,91.40,76.28,28.20
238,RPM00098646,2017-08-27,83.12,89.78,76.64,28.40
239,RPM00098646,2017-08-28,81.86,87.44,,27.70
240,RPM00098646,2017-08-29,83.66,,75.92,28.70
241,RPM00098646,2017-08-30,84.56,91.40,77.36,29.20
242,RPM00098646,2017-08-31,84.56,91.40,,29.20
243,RPM00098646,2017-09-01,84.74,91.04,78.80,29.30
244,RPM00098646,2017-09-02,84.56,93.38,,29.20
245,RPM00098646,2017-09-03,84.38,92.66,78.80,29.10
246,RPM00098646,2017-09-04,83.66,90.50,78.80,28.70
247,RPM00098646,2017-09-05,82.94,92.84,,28.30
248,RPM00098646,2017-09-06,83.84,91.58,75.02,28.80
249,RPM00098646,2017-09-07,84.92,91.40,75.38,29.40
250,RPM00098646,2017-09-08,83.66,90.68,,28.70
251,RPM00098646,2017-09-09,81.68,,76.10,27.60
252,RPM00098646,2017-09-10,81.14,,77.00,27.30
253,RPM00098646,2017-09-11,82.22,89.60,,27.90
254,RPM00098646,2017-09-12,84.74,90.32,78.80,29.30
255,RPM00098646,2017-09-13,82.94,91.04,,28.30
256,RPM00098646,2017-09-14,83.30,89.78,,28.50
257,RPM00098646,2017-09-15,81.68,89.60,77.00,27.60
258,RPM00098646,2017-09-16,82.04,90.86,,27.80
259,RPM00098646,2017-09-17,82.58,89.78,73.58,28.10
260,RPM00098646,2017-09-18,82.22,89.06,77.72,27.90
261,RPM00098646,2017-09-19,80.96,90.68,,27.20
262,RPM00098646,2017-09-20,80.96,87.98,75.56,27.20
263,RPM00098646,2017-09-21,80.42,89.60,75.92,26.90
264,RPM00098646,2017-09-22,79.16,89.24,,26.20
265,RPM00098646,2017-09-23,81.14,,75.20,27.30
266,RPM00098646,2017-09-24,81.68,88.16,76.10,27.60
267,RPM00098646,2017-09-25,77.54,83.48,74.48,25.30
268,RPM00098646,2017-09-26,82.58,90.32,,28.10
269,RPM00098646,2017-09-27,83.12,90.32,,28.40
270,RPM00098646,2017-09-28,81.86,88.70,76.28,27.70
271,RPM00098646,2017-09-29,79.88,,,26.60
272,RPM00098646,2017-09-30,81.50,87.98,75.56,27.50
273,RPM00098646,2017-10-01,83.48,,,28.60
274,RPM00098646,2017-10-02,82.58,90.32,,28.10
275,RPM00098646,2017-10-03,82.22,89.96,,27.90
276,RPM00098646,2017-10-04,82.58,88.16,77.00,28.10
277,RPM00098646,2017-10-05,83.48,90.32,76.64,28.60
278,RPM00098646,2017-10-06,81.68,88.88,,27.60
279,RPM00098646,2017-10-07,82.58,90.86,76.28,28.10
280,RPM00098646,2017-10-08,83.12,,77.36,28.40
281,RPM00098646,2017-10-09,82.58,90.14,77.72,28.10
282,RPM00098646,2017-10-10,83.30,89.96,76.28,28.50
283,RPM00098646,2017-10-11,85.64,92.84,78.08,29.80
284,RPM00098646,2017-10-12,82.94,,78.80,28.30
285,RPM00098646,2017-10-13,82.94,87.80,80.24,28.30
286,RPM00098646,2017-10-14,82.22,89.60,78.44,27.90
287,RPM00098646,2017-10-15,80.96,,,27.20
288,RPM00098646,2017-10-16,80.42,,,26.90
289,RPM00098646,2017-10-17,81.50,89.60,75.20,27.50
290,RPM00098646,2017-10-18,80.78,87.08,,27.10
291,RPM00098646,2017-10-19,79.88,82.76,76.28,26.60
292,RPM00098646,2017-10-20,81.86,85.10,76.82,27.70
293,RPM00098646,2017-10-21,82.58,,78.44,28.10
294,RPM00098646,2017-10-22,83.48,,,28.60
295,RPM00098646,2017-10-23,82.94,89.60,75.92,28.30
296,RPM00098646,2017-10-24,82.76,87.80,,28.20
297,RPM00098646,2017-10-25,80.60,86.54,,27.00
298,RPM00098646,2017-10-26,82.58,88.16,74.48,28.10
299,RPM00098646,2017-10-27,82.04,89.06,76.64,27.80
300,RPM00098646,2017-10-28,81.14,89.06,76.28,27.30
301,RPM00098646,2017-10-29,82.04,88.52,75.56,27.80
302,RPM00098646,2017-10-30,82.22,88.16,75.92,27.90
303,RPM00098646,2017-10-31,78.08,80.60,,25.60
304,RPM00098646,2017-11-01,81.14,88.16,76.46,27.30
305,RPM00098646,2017-11-02,83.48,,76.64,28.60
306,RPM00098646,2017-11-03,82.94,89.24,,28.30
307,RPM00098646,2017-11-04,83.84,88.88,77.18,28.80
308,RPM00098646,2017-11-05,84.74,89.06,80.24,29.30
309,RPM00098646,2017-11-06,83.12,88.70,,28.40
310,RPM00098646,2017-11-07,80.42,86.36,78.44,26.90
311,RPM00098646,2017-11-08,82.76,88.88,,28.20
312,RPM00098646,2017-11-09,82.22,88.70,77.72,27.90
313,RPM00098646,2017-11-10,83.48,,77.36,28.60
314,RPM00098646,2017-11-11,81.32,89.24,,27.40
315,RPM00098646,2017-11-12,80.78,88.16,,27.10
316,RPM00098646,2017-11-13,83.66,,77.54,28.70
317,RPM00098646,2017-11-14,83.48,90.32,,28.60
318,RPM00098646,2017-11-15,83.66,89.78,,28.70
319,RPM00098646,2017-11-16,79.88,85.82,,26.60
320,RPM00098646,2017-11-17,81.14,86.18,,27.30
321,RPM00098646,2017-11-18,82.04,88.88,76.64,27.80
322,RPM00098646,2017-11-19,83.66,88.70,77.90,28.70
323,RPM00098646,2017-11-20,83.84,,79.16,28.80
324,RPM00098646,2017-11-21,82.04,85.46,80.06,27.80
325,RPM00098646,2017-11-22,83.66,89.60,,28.70
326,RPM00098646,2017-11-23,83.84,89.06,77.90,28.80
327,RPM00098646,2017-11-24,82.76,89.60,,28.20
328,RPM00098646,2017-11-25,82.22,88.52,78.08,27.90
329,RPM00098646,2017-11-26,83.30,,78.62,28.50
330,RPM00098646,2017-11-27,83.30,88.34,,28.50
331,RPM00098646,2017-11-28,84.02,90.32,76.10,28.90
332,RPM00098646,2017-11-29,82.04,87.80,,27.80
333,RPM00098646,2017-11-30,83.12,89.06,77.00,28.40
334,RPM00098646,2017-12-01,83.48,89.60,77.18,28.60
335,RPM00098646,2017-12-02,83.66,,78.80,28.70
336,RPM00098646,2017-12-03,82.76,89.24,,28.20
337,RPM00098646,2017-12-04,83.84,90.68,76.64,28.80
338,RPM00098646,2017-12-05,83.12,90.68,,28.40
339,RPM00098646,2017-12-06,82.04,88.34,76.64,27.80
340,RPM00098646,2017-12-07,82.58,90.32,77.00,28.10
341,RPM00098646,2017-12-08,82.76,91.40,,28.20
342,RPM00098646,2017-12-09,83.12,89.78,75.92,28.40
343,RPM00098646,2017-12-10,82.76,,77.90,28.20
344,RPM00098646,2017-12-11,80.78,90.68,,27.10
345,RPM00098646,2017-12-12,80.78,88.52,75.92,27.10
346,RPM00098646,2017-12-13,79.52,,,26.40
347,RPM00098646,2017-12-14,77.36,80.60,,25.20
348,RPM00098646,2017-12-15,73.04,75.92,,22.80
349,RPM00098646,2017-12-16,75.74,78.80,69.08,24.30
350,RPM00098646,2017-12-17,80.78,87.08,71.06,27.10
351,RPM00098646,2017-12-18,81.86,88.70,75.92,27.70
352,RPM00098646,2017-12-19,82.76,87.80,76.10,28.20
353,RPM00098646,2017-12-20,83.12,88.34,78.08,28.40
354,RPM00098646,2017-12-21,80.78,87.80,,27.10
355,RPM00098646,2017-12-22,79.52,81.68,76.46,26.40
356,RPM00098646,2017-12-23,82.58,88.34,77.72,28.10
357,RPM00098646,2017-12-24,82.40,88.16,,28.00
358,RPM00098646,2017-12-25,82.22,87.98,77.00,27.90
359,RPM00098646,2017-12-26,82.76,87.80,,28.20
360,RPM00098646,2017-12-27,82.40,88.34,77.36,28.00
361,RPM00098646,2017-12-28,80.06,87.26,,26.70
362,RPM00098646,2017-12-29,81.86,,77.18,27.70
363,RPM00098646,2017-12-30,79.16,,,26.20
364,RPM00098646,2017-12-31,81.50,86.90,73.76,27.50
365,RPM00098646,2018-01-01,78.26,82.40,,25.70
366,RPM00098646,2018-01-02,80.96,84.92,75.92,27.20
367,RPM00098646,2018-01-03,81.68,87.26,76.46,27.60
368,RPM00098646,2018-01-04,81.86,,76.28,27.70
369,RPM00098646,2018-01-05,80.60,,,27.00
370,RPM00098646,2018-01-06,82.22,87.08,76.82,27.90
371,RPM00098646,2018-01-07,80.42,86.18,,26.90
372,RPM00098646,2018-01-08,81.68,87.26,,27.60
373,RPM00098646,2018-01-09,82.40,89.24,76.64,28.00
374,RPM00098646,2018-01-10,80.96,87.08,,27.20
375,RPM00098646,2018-01-11,81.32,87.08,76.46,27.40
376,RPM00098646,2018-01-12,81.50,88.88,75.92,27.50
377,RPM00098646,2018-01-13,80.06,88.16,,26.70
378,RPM00098646,2018-01-14,78.80,86.00,,26.00
379,RPM00098646,2018-01-15,76.46,78.98,,24.70
380,RPM00098646,2018-01-16,75.20,,,24.00
381,RPM00098646,2018-01-17,79.34,,72.14,26.30
382,RPM00098646,2018-01-18,79.88,,,26.60
383,RPM00098646,2018-01-19,80.96,86.90,75.38,27.20
384,RPM00098646,2018-01-20,79.34,87.08,,26.30
385,RPM00098646,2018-01-21,78.98,82.40,,26.10
386,RPM00098646,2018-01-22,79.88,85.28,76.10,26.60
387,RPM00098646,2018-01-23,81.68,87.80,76.46,27.60
388,RPM00098646,2018-01-24,80.42,85.10,,26.90
389,RPM00098646,2018-01-25,81.32,86.72,75.20,27.40
390,RPM00098646,2018-01-26,82.04,89.06,,27.80
391,RPM00098646,2018-01-27,81.86,88.70,76.28,27.70
392,RPM00098646,2018-01-28,78.26,82.04,75.20,25.70
393,RPM00098646,2018-01-29,81.14,87.44,75.20,27.30
394,RPM00098646,2018-01-30,80.96,88.52,75.02,27.20
395,RPM00098646,2018-01-31,81.14,86.90,75.20,27.30
396,RPM00098646,2018-02-01,82.58,88.88,75.56,28.10
397,RPM00098646,2018-02-02,81.68,,,27.60
398,RPM00098646,2018-02-03,78.80,84.92,74.48,26.00
399,RPM00098646,2018-02-04,81.68,86.90,74.84,27.60
400,RPM00098646,2018-02-05,82.04,86.72,77.00,27.80
401,RPM00098646,2018-02-06,80.78,87.98,,27.10
402,RPM00098646,2018-02-07,80.78,87.44,,27.10
403,RPM00098646,2018-02-08,79.52,,,26.40
404,RPM00098646,2018-02-09,79.88,87.80,71.96,26.60
405,RPM00098646,2018-02-10,79.88,87.08,72.68,26.60
406,RPM00098646,2018-02-11,82.76,89.42,72.86,28.20
407,RPM00098646,2018-02-12,80.78,90.32,,27.10
408,RPM00098646,2018-02-13,76.64,79.88,,24.80
409,RPM00098646,2018-02-14,80.24,83.12,75.92,26.80
410,RPM00098646,2018-02-15,81.68,,,27.60
411,RPM00098646,2018-02-16,80.96,88.88,,27.20
412,RPM00098646,2018-02-17,78.44,85.10,,25.80
413,RPM00098646,2018-02-18,81.14,87.08,73.40,27.30
414,RPM00098646,2018-02-19,81.32,87.80,75.38,27.40
415,RPM00098646,2018-02-20,82.04,87.98,75.92,27.80
416,RPM00098646,2018-02-21,82.76,88.70,,28.20
417,RPM00098646,2018-02-22,82.04,87.80,75.38,27.80
418,RPM00098646,2018-02-23,83.48,89.60,78.44,28.60
419,RPM00098646,2018-02-24,80.78,86.18,,27.10
420,RPM00098646,2018-02-25,79.88,86.00,,26.60
421,RPM00098646,2018-02-26,81.86,88.34,75.92,27.70
422,RPM00098646,2018-02-27,81.50,87.98,75.92,27.50
423,RPM00098646,2018-02-28,81.86,,76.10,27.70
424,RPM00098646,2018-03-01,82.58,88.52,,28.10
425,RPM00098646,2018-03-02,82.40,88.88,76.28,28.00
426,RPM00098646,2018-03-03,83.12,89.96,76.64,28.40
427,RPM00098646,2018-03-04,81.68,88.88,,27.60
428,RPM00098646,2018-03-05,82.76,89.60,75.92,28.20
429,RPM00098646,2018-03-06,83.48,90.32,76.46,28.60
430,RPM00098646,2018-03-07,83.48,89.96,,28.60
431,RPM00098646,2018-03-08,83.12,91.40,,28.40
432,RPM00098646,2018-03-09,81.86,89.96,,27.70
433,RPM00098646,2018-03-10,82.04,,75.56,27.80
434,RPM00098646,2018-03-11,78.62,86.72,,25.90
435,RPM00098646,2018-03-12,78.62,82.94,74.66,25.90
436,RPM00098646,2018-03-13,78.62,83.66,,25.90
437,RPM00098646,2018-03-14,82.04,86.90,75.02,27.80
438,RPM00098646,2018-03-15,81.14,87.80,,27.30
439,RPM00098646,2018-03-16,82.94,87.98,77.90,28.30
440,RPM00098646,2018-03-17,84.02,90.32,78.26,28.90
441,RPM00098646,2018-03-18,82.22,87.80,,27.90
442,RPM00098646,2018-03-19,81.86,,,27.70
443,RPM00098646,2018-03-20,82.76,89.60,75.56,28.20
444,RPM00098646,2018-03-21,81.68,89.24,,27.60
445,RPM00098646,2018-03-22,81.68,,,27.60
446,RPM00098646,2018-03-23,82.58,88.88,75.56,28.10
447,RPM00098646,2018-03-24,82.22,89.06,78.26,27.90
448,RPM00098646,2018-03-25,81.32,87.98,,27.40
449,RPM00098646,2018-03-26,80.96,88.52,,27.20
450,RPM00098646,2018-03-27,80.96,88.88,,27.20
451,RPM00098646,2018-03-28,81.68,88.70,73.76,27.60
452,RPM00098646,2018-03-29,81.14,88.88,,27.30
453,RPM00098646,2018-03-30,81.32,87.80,74.48,27.40
454,RPM00098646,2018-03-31,82.40,89.60,76.64,28.00
455,RPM00098646,2018-04-01,80.78,88.16,,27.10
456,RPM00098646,2018-04-02,82.76,89.42,74.12,28.20
457,RPM00098646,2018-04-03,82.94,89.60,76.82,28.30
458,RPM00098646,2018-04-04,82.58,90.14,,28.10
459,RPM00098646,2018-04-05,82.04,87.98,74.48,27.80
460,RPM00098646,2018-04-06,82.04,88.34,,27.80
461,RPM00098646,2018-04-07,81.14,88.88,77.00,27.30
462,RPM00098646,2018-04-08,80.60,84.38,76.64,27.00
463,RPM00098646,2018-04-09,83.12,89.78,77.36,28.40
464,RPM00098646,2018-04-10,83.84,90.32,77.90,28.80
465,RPM00098646,2018-04-11,83.84,,78.80,28.80
466,RPM00098646,2018-04-12,84.38,89.78,78.80,29.10
467,RPM00098646,2018-04-13,84.02,89.96,,28.90
468,RPM00098646,2018-04-14,84.20,90.68,,29.00
469,RPM00098646,2018-04-15,84.38,89.60,,29.10
470,RPM00098646,2018-04-16,83.84,89.24,77.18,28.80
471,RPM00098646,2018-04-17,84.38,90.50,78.26,29.10
472,RPM00098646,2018-04-18,84.38,90.68,78.44,29.10
473,RPM00098646,2018-04-19,84.38,,78.26,29.10
474,RPM00098646,2018-04-20,83.84,89.60,80.60,28.80
475,RPM00098646,2018-04-21,83.66,,,28.70
476,RPM00098646,2018-04-22,84.38,,78.08,29.10
477,RPM00098646,2018-04-23,85.64,91.94,78.44,29.80
478,RPM00098646,2018-04-24,85.28,92.12,78.26,29.60
479,RPM00098646,2018-04-25,83.30,91.94,,28.50
480,RPM00098646,2018-04-26,84.20,89.78,77.72,29.00
481,RPM00098646,2018-04-27,84.38,90.14,,29.10
482,RPM00098646,2018-04-28,84.56,91.40,,29.20
483,RPM00098646,2018-04-29,85.28,91.58,78.44,29.60
484,RPM00098646,2018-04-30,85.28,92.12,80.24,29.60
485,RPM00098646,2018-05-01,86.18,91.76,79.52,30.10
486,RPM00098646,2018-05-02,85.10,93.02,,29.50
487,RPM00098646,2018-05-03,78.98,84.56,,26.10
488,RPM00098646,2018-05-04,82.40,88.88,,28.00
489,RPM00098646,2018-05-05,83.66,90.50,75.56,28.70
490,RPM00098646,2018-05-06,84.92,91.40,78.62,29.40
491,RPM00098646,2018-05-07,84.02,92.48,,28.90
492,RPM00098646,2018-05-08,84.02,92.48,76.64,28.90
493,RPM00098646,2018-05-09,84.74,91.40,77.54,29.30
494,RPM00098646,2018-05-10,84.92,92.84,78.08,29.40
495,RPM00098646,2018-05-11,85.46,91.76,76.28,29.70
496,RPM00098646,2018-05-12,85.46,93.02,78.98,29.70
497,RPM00098646,2018-05-13,84.38,92.84,,29.10
498,RPM00098646,2018-05-14,86.18,94.10,78.08,30.10
499,RPM00098646,2018-05-15,87.26,93.92,81.14,30.70
500,RPM00098646,2018-05-16,86.18,93.74,,30.10
501,RPM00098646,2018-05-17,85.46,92.66,,29.70
502,RPM00098646,2018-05-18,84.38,93.38,,29.10
503,RPM00098646,2018-05-19,84.56,91.76,78.44,29.20
504,RPM00098646,2018-05-20,84.38,91.22,78.80,29.10
505,RPM00098646,2018-05-21,84.38,92.30,79.16,29.10
506,RPM00098646,2018-05-22,85.28,92.84,78.44,29.60
507,RPM00098646,2018-05-23,85.64,92.66,80.06,29.80
508,RPM00098646,2018-05-24,86.72,91.94,79.70,30.40
509,RPM00098646,2018-05-25,83.48,92.48,,28.60
510,RPM00098646,2018-05-26,86.36,93.20,78.26,30.20
511,RPM00098646,2018-05-27,87.08,92.30,80.60,30.60
512,RPM00098646,2018-05-28,86.72,93.02,81.32,30.40
513,RPM00098646,2018-05-29,86.18,90.32,,30.10
514,RPM00098646,2018-05-30,83.48,90.68,,28.60
515,RPM00098646,2018-05-31,84.20,91.40,,29.00
516,RPM00098646,2018-06-01,83.84,90.68,77.18,28.80
517,RPM00098646,2018-06-02,78.98,,,26.10
518,RPM00098646,2018-06-03,83.84,90.14,72.86,28.80
519,RPM00098646,2018-06-04,84.56,90.50,,29.20
520,RPM00098646,2018-06-05,81.86,87.80,77.72,27.70
521,RPM00098646,2018-06-06,83.30,89.60,78.98,28.50
522,RPM00098646,2018-06-07,85.28,90.86,79.52,29.60
523,RPM00098646,2018-06-08,84.92,,,29.40
524,RPM00098646,2018-06-09,85.64,92.30,80.24,29.80
525,RPM00098646,2018-06-10,85.28,89.06,81.68,29.60
526,RPM00098646,2018-06-11,83.66,88.16,,28.70
527,RPM00098646,2018-06-12,84.56,93.20,78.44,29.20
528,RPM00098646,2018-06-13,86.00,92.48,78.44,30.00
529,RPM00098646,2018-06-14,84.92,92.30,,29.40
530,RPM00098646,2018-06-15,85.10,93.56,77.54,29.50
531,RPM00098646,2018-06-16,85.46,93.74,79.16,29.70
532,RPM00098646,2018-06-17,83.48,94.10,,28.60
533,RPM00098646,2018-06-18,84.02,90.86,77.72,28.90
534,RPM00098646,2018-06-19,82.22,91.40,,27.90
535,RPM00098646,2018-06-20,82.04,,75.74,27.80
536,RPM00098646,2018-06-21,81.68,91.04,76.64,27.60
537,RPM00098646,2018-06-22,81.50,91.40,77.00,27.50
538,RPM00098646,2018-06-23,82.76,90.50,76.82,28.20
539,RPM00098646,2018-06-24,84.02,92.66,76.82,28.90
540,RPM00098646,2018-06-25,82.04,90.86,,27.80
541,RPM00098646,2018-06-26,82.58,,77.00,28.10
542,RPM00098646,2018-06-27,82.94,89.78,76.82,28.30
543,RPM00098646,2018-06-28,83.48,91.04,78.26,28.60
544,RPM00098646,2018-06-29,84.02,90.32,78.44,28.90
545,RPM00098646,2018-06-30,82.22,93.56,,27.90
546,RPM00098646,2018-07-01,82.58,89.60,73.58,28.10
547,RPM00098646,2018-07-02,82.94,90.68,,28.30
548,RPM00098646,2018-07-03,82.58,91.40,75.20,28.10
549,RPM00098646,2018-07-04,82.76,,77.54,28.20
550,RPM00098646,2018-07-05,81.32,90.68,,27.40
551,RPM00098646,2018-07-06,83.48,89.60,75.74,28.60
552,RPM00098646,2018-07-07,83.12,91.04,,28.40
553,RPM00098646,2018-07-08,81.86,91.04,,27.70
554,RPM00098646,2018-07-09,84.38,91.58,75.56,29.10
555,RPM00098646,2018-07-10,82.76,91.40,78.26,28.20
556,RPM00098646,2018-07-11,84.38,91.40,78.26,29.10
557,RPM00098646,2018-07-12,82.94,,78.26,28.30
558,RPM00098646,2018-07-13,80.60,88.16,,27.00
559,RPM00098646,2018-07-14,83.12,90.32,74.30,28.40
560,RPM00098646,2018-07-15,81.14,90.32,,27.30
561,RPM00098646,2018-07-16,83.12,88.52,77.18,28.40
562,RPM00098646,2018-07-17,83.66,89.60,78.98,28.70
563,RPM00098646,2018-07-18,85.28,92.48,,29.60
564,RPM00098646,2018-07-19,82.58,92.12,,28.10
565,RPM00098646,2018-07-20,84.02,92.30,77.54,28.90
566,RPM00098646,2018-07-21,85.64,91.58,,29.80
567,RPM00098646,2018-07-22,82.76,89.96,77.72,28.20
568,RPM00098646,2018-07-23,82.76,,,28.20
569,RPM00098646,2018-07-24,83.66,91.40,78.80,28.70
570,RPM00098646,2018-07-25,83.30,89.60,78.08,28.50
571,RPM00098646,2018-07-26,82.58,89.96,,28.10
572,RPM00098646,2018-07-27,82.40,90.32,,28.00
573,RPM00098646,2018-07-28,84.38,91.94,77.00,29.10
574,RPM00098646,2018-07-29,84.92,92.84,,29.40
575,RPM00098646,2018-07-30,83.84,91.40,78.80,28.80
576,RPM00098646,2018-07-31,82.40,90.14,,28.00
577,RPM00098646,2018-08-01,82.58,89.96,75.56,28.10
578,RPM00098646,2018-08-02,82.04,89.78,78.08,27.80
579,RPM00098646,2018-08-03,82.40,88.88,77.54,28.00
580,RPM00098646,2018-08-04,80.78,87.62,,27.10
581,RPM00098646,2018-08-05,82.40,89.42,77.18,28.00
582,RPM00098646,2018-08-06,84.20,90.14,77.90,29.00
583,RPM00098646,2018-08-07,83.48,89.96,,28.60
584,RPM00098646,2018-08-08,82.40,90.68,,28.00
585,RPM00098646,2018-08-09,84.56,92.48,76.28,29.20
586,RPM00098646,2018-08-10,81.68,90.86,,27.60
587,RPM00098646,2018-08-11,84.56,,75.02,29.20
588,RPM00098646,2018-08-12,84.92,90.86,78.98,29.40
589,RPM00098646,2018-08-13,85.28,90.86,79.70,29.60
590,RPM00098646,2018-08-14,84.74,92.12,,29.30
591,RPM00098646,2018-08-15,85.82,92.48,78.98,29.90
592,RPM00098646,2018-08-16,85.10,92.12,,29.50
593,RPM00098646,2018-08-17,83.48,91.94,,28.60
594,RPM00098646,2018-08-18,82.22,91.04,78.44,27.90
595,RPM00098646,2018-08-19,84.38,93.56,,29.10
596,RPM00098646,2018-08-20,85.46,93.20,77.36,29.70
597,RPM00098646,2018-08-21,85.64,93.56,79.88,29.80
598,RPM00098646,2018-08-22,84.74,94.28,,29.30
599,RPM00098646,2018-08-23,85.82,95.36,79.52,29.90
600,RPM00098646,2018-08-24,85.28,94.28,,29.60
601,RPM00098646,2018-08-25,84.38,93.20,79.34,29.10
602,RPM00098646,2018-08-26,83.12,90.68,,28.40
603,RPM00098646,2018-08-27,83.66,91.40,,28.70
604,RPM00098646,2018-08-28,83.30,92.12,,28.50
605,RPM00098646,2018-08-29,83.48,90.86,,28.60
606,RPM00098646,2018-08-30,81.14,91.76,,27.30
607,RPM00098646,2018-08-31,77.72,81.50,,25.40
608,RPM00098646,2018-09-01,80.78,,75.20,27.10
609,RPM00098646,2018-09-02,83.66,88.70,76.82,28.70
610,RPM00098646,2018-09-03,82.76,89.78,,28.20
611,RPM00098646,2018-09-04,81.68,90.68,,27.60
612,RPM00098646,2018-09-05,81.32,86.90,76.46,27.40
613,RPM00098646,2018-09-06,81.32,87.44,,27.40
614,RPM00098646,2018-09-07,84.02,92.30,77.54,28.90
615,RPM00098646,2018-09-08,83.48,92.66,,28.60
616,RPM00098646,2018-09-09,81.14,90.68,,27.30
617,RPM00098646,2018-09-10,83.66,91.94,72.86,28.70
618,RPM00098646,2018-09-11,81.86,89.60,77.72,27.70
619,RPM00098646,2018-09-12,82.76,90.32,78.80,28.20
620,RPM00098646,2018-09-13,83.12,90.32,,28.40
621,RPM00098646,2018-09-14,80.96,85.28,77.00,27.20
622,RPM00098646,2018-09-15,82.94,88.52,77.36,28.30
623,RPM00098646,2018-09-16,82.94,90.50,,28.30
624,RPM00098646,2018-09-17,80.42,,,26.90
625,RPM00098646,2018-09-18,82.22,89.60,,27.90
626,RPM00098646,2018-09-19,81.86,87.80,,27.70
627,RPM00098646,2018-09-20,80.06,83.84,76.10,26.70
628,RPM00098646,2018-09-21,80.42,,,26.90
629,RPM00098646,2018-09-22,79.88,87.80,74.48,26.60
630,RPM00098646,2018-09-23,81.32,88.34,75.56,27.40
631,RPM00098646,2018-09-24,83.48,89.60,75.92,28.60
632,RPM00098646,2018-09-25,84.02,91.76,78.44,28.90
633,RPM00098646,2018-09-26,83.30,90.68,,28.50
634,RPM00098646,2018-09-27,82.58,90.32,76.82,28.10
635,RPM00098646,2018-09-28,82.76,89.60,,28.20
636,RPM00098646,2018-09-29,84.20,90.32,78.08,29.00
637,RPM00098646,2018-09-30,84.74,92.30,79.16,29.30
638,RPM00098646,2018-10-01,80.24,90.50,,26.80
639,RPM00098646,2018-10-02,82.22,90.32,75.56,27.90
640,RPM00098646,2018-10-03,80.78,88.34,,27.10
641,RPM00098646,2018-10-04,81.86,90.32,75.92,27.70
642,RPM00098646,2018-10-05,82.58,91.76,,28.10
643,RPM00098646,2018-10-06,83.12,,74.66,28.40
644,RPM00098646,2018-10-07,83.84,91.94,,28.80
645,RPM00098646,2018-10-08,83.66,89.78,77.72,28.70
646,RPM00098646,2018-10-09,83.66,90.68,,28.70
647,RPM00098646,2018-10-10,83.84,89.60,76.64,28.80
648,RPM00098646,2018-10-11,85.28,89.96,79.16,29.60
649,RPM00098646,2018-10-12,84.92,90.68,,29.40
650,RPM00098646,2018-10-13,83.48,,,28.60
651,RPM00098646,2018-10-14,83.66,91.40,,28.70
652,RPM00098646,2018-10-15,82.58,87.80,74.66,28.10
653,RPM00098646,2018-10-16,81.68,,,27.60
654,RPM00098646,2018-10-17,82.58,88.16,77.00,28.10
655,RPM00098646,2018-10-18,83.12,89.60,78.08,28.40
656,RPM00098646,2018-10-19,82.22,89.60,,27.90
657,RPM00098646,2018-10-20,81.68,89.60,75.56,27.60
658,RPM00098646,2018-10-21,82.76,88.70,77.00,28.20
659,RPM00098646,2018-10-22,82.76,88.88,76.28,28.20
660,RPM00098646,2018-10-23,82.22,89.42,,27.90
661,RPM00098646,2018-10-24,82.76,89.60,75.38,28.20
662,RPM00098646,2018-10-25,83.12,89.60,76.10,28.40
663,RPM00098646,2018-10-26,83.48,89.60,78.44,28.60
664,RPM00098646,2018-10-27,83.12,90.14,,28.40
665,RPM00098646,2018-10-28,81.14,89.60,76.64,27.30
666,RPM00098646,2018-10-29,81.68,89.42,75.74,27.60
667,RPM00098646,2018-10-30,82.58,89.60,,28.10
668,RPM00098646,2018-10-31,83.30,90.32,76.82,28.50
669,RPM00098646,2018-11-01,84.74,90.14,77.90,29.30
670,RPM00098646,2018-11-02,84.38,89.60,,29.10
671,RPM00098646,2018-11-03,82.40,88.70,,28.00
672,RPM00098646,2018-11-04,82.58,88.16,76.28,28.10
673,RPM00098646,2018-11-05,80.96,84.20,,27.20
674,RPM00098646,2018-11-06,81.86,85.46,,27.70
675,RPM00098646,2018-11-07,83.12,,,28.40
676,RPM00098646,2018-11-08,83.12,88.88,76.46,28.40
677,RPM00098646,2018-11-09,82.76,89.96,77.18,28.20
678,RPM00098646,2018-11-10,80.96,84.74,,27.20
679,RPM00098646,2018-11-11,82.40,88.70,77.00,28.00
680,RPM00098646,2018-11-12,81.32,87.80,77.72,27.40
681,RPM00098646,2018-11-13,81.86,88.16,,27.70
682,RPM00098646,2018-11-14,82.22,89.96,77.36,27.90
683,RPM00098646,2018-11-15,80.78,87.26,,27.10
684,RPM00098646,2018-11-16,82.40,,75.74,28.00
685,RPM00098646,2018-11-17,81.14,87.80,,27.30
686,RPM00098646,2018-11-18,81.68,86.90,75.38,27.60
687,RPM00098646,2018-11-19,79.34,86.18,,26.30
688,RPM00098646,2018-11-20,77.72,,72.86,25.40
689,RPM00098646,2018-11-21,80.24,85.28,75.02,26.80
690,RPM00098646,2018-11-22,81.32,,,27.40
691,RPM00098646,2018-11-23,81.32,,76.10,27.40
692,RPM00098646,2018-11-24,82.04,87.80,76.10,27.80
693,RPM00098646,2018-11-25,80.96,87.44,77.72,27.20
694,RPM00098646,2018-11-26,82.22,87.98,,27.90
695,RPM00098646,2018-11-27,82.22,89.78,75.38,27.90
696,RPM00098646,2018-11-28,82.94,88.16,76.82,28.30
697,RPM00098646,2018-11-29,82.58,87.26,77.54,28.10
698,RPM00098646,2018-11-30,80.42,86.00,,26.90
699,RPM00098646,2018-12-01,81.32,87.98,76.64,27.40
700,RPM00098646,2018-12-02,81.32,85.64,,27.40
701,RPM00098646,2018-12-03,81.68,,76.46,27.60
702,RPM00098646,2018-12-04,82.94,88.16,,28.30
703,RPM00098646,2018-12-05,83.12,87.98,77.72,28.40
704,RPM00098646,2018-12-06,82.40,87.80,77.72,28.00
705,RPM00098646,2018-12-07,80.78,87.80,,27.10
706,RPM00098646,2018-12-08,82.40,,,28.00
707,RPM00098646,2018-12-09,82.04,87.80,,27.80
708,RPM00098646,2018-12-10,82.40,,75.20,28.00
709,RPM00098646,2018-12-11,81.68,89.24,,27.60
710,RPM00098646,2018-12-12,81.32,88.16,77.00,27.40
711,RPM00098646,2018-12-13,80.42,87.44,77.72,26.90
712,RPM00098646,2018-12-14,82.22,89.06,77.72,27.90
713,RPM00098646,2018-12-15,80.96,87.08,,27.20
714,RPM00098646,2018-12-16,80.78,88.16,,27.10
715,RPM00098646,2018-12-17,81.86,88.52,73.40,27.70
716,RPM00098646,2018-12-18,81.14,85.64,77.00,27.30
717,RPM00098646,2018-12-19,81.14,88.34,,27.30
718,RPM00098646,2018-12-20,76.64,78.80,,24.80
719,RPM00098646,2018-12-21,80.24,84.56,,26.80
720,RPM00098646,2018-12-22,79.88,84.56,75.20,26.60
721,RPM00098646,2018-12-23,79.70,,,26.50
722,RPM00098646,2018-12-24,80.42,86.36,74.84,26.90
723,RPM00098646,2018-12-25,81.68,87.26,75.20,27.60
724,RPM00098646,2018-12-26,81.32,87.26,,27.40
725,RPM00098646,2018-12-27,81.32,86.72,,27.40
726,RPM00098646,2018-12-28,78.08,,,25.60
727,RPM00098646,2018-12-29,80.60,87.62,75.92,27.00
728,RPM00098646,2018-12-30,80.78,86.18,,27.10
729,RPM00098646,2018-12-31,82.04,86.72,75.56,27.80
730,RPM00098646,2019-01-01,82.22,,,27.90
731,RPM00098646,2019-01-02,81.68,,,27.60
732,RPM00098646,2019-01-03,80.42,87.08,76.10,26.90
733,RPM00098646,2019-01-04,77.00,80.60,,25.00
734,RPM00098646,2019-01-05,80.24,86.00,,26.80
735,RPM00098646,2019-01-06,79.70,85.64,,26.50
736,RPM00098646,2019-01-07,79.16,85.10,73.58,26.20
737,RPM00098646,2019-01-08,80.78,86.36,73.76,27.10
738,RPM00098646,2019-01-09,80.06,86.18,74.48,26.70
739,RPM00098646,2019-01-10,75.92,83.48,,24.40
740,RPM00098646,2019-01-11,79.70,86.00,72.32,26.50
741,RPM00098646,2019-01-12,80.96,87.08,73.94,27.20
742,RPM00098646,2019-01-13,80.96,86.18,,27.20
743,RPM00098646,2019-01-14,80.78,85.82,,27.10
744,RPM00098646,2019-01-15,80.24,86.90,,26.80
745,RPM00098646,2019-01-16,81.14,86.00,73.58,27.30
746,RPM00098646,2019-01-17,80.42,86.54,,26.90
747,RPM00098646,2019-01-18,79.16,85.10,76.64,26.20
748,RPM00098646,2019-01-19,80.24,85.64,77.00,26.80
749,RPM00098646,2019-01-20,79.70,83.84,76.46,26.50
750,RPM00098646,2019-01-21,80.06,86.72,,26.70
751,RPM00098646,2019-01-22,79.88,86.18,75.38,26.60
752,RPM00098646,2019-01-23,79.88,84.20,76.64,26.60
753,RPM00098646,2019-01-24,80.42,,,26.90
754,RPM00098646,2019-01-25,80.06,85.46,77.00,26.70
755,RPM00098646,2019-01-26,79.88,86.00,,26.60
756,RPM00098646,2019-01-27,79.34,84.20,,26.30
757,RPM00098646,2019-01-28,79.16,84.20,,26.20
758,RPM00098646,2019-01-29,78.44,,,25.80
759,RPM00098646,2019-01-30,80.24,85.28,73.22,26.80
760,RPM00098646,2019-01-31,79.88,84.56,,26.60
761,RPM00098646,2019-02-01,79.34,86.90,,26.30
762,RPM00098646,2019-02-02,77.72,84.56,,25.40
763,RPM00098646,2019-02-03,80.42,86.00,71.42,26.90
764,RPM00098646,2019-02-04,81.14,86.36,74.66,27.30
765,RPM00098646,2019-02-05,81.32,87.08,,27.40
766,RPM00098646,2019-02-06,78.98,85.64,,26.10
767,RPM00098646,2019-02-07,79.34,86.00,72.68,26.30
768,RPM00098646,2019-02-08,80.78,86.36,74.48,27.10
769,RPM00098646,2019-02-09,78.62,87.44,,25.90
770,RPM00098646,2019-02-10,79.70,,,26.50
771,RPM00098646,2019-02-11,80.42,87.08,73.40,26.90
772,RPM00098646,2019-02-12,79.52,84.92,,26.40
773,RPM00098646,2019-02-13,80.78,87.08,73.04,27.10
774,RPM00098646,2019-02-14,76.28,82.04,73.76,24.60
775,RPM00098646,2019-02-15,75.74,80.24,,24.30
776,RPM00098646,2019-02-16,79.52,84.74,73.22,26.40
777,RPM00098646,2019-02-17,80.42,,73.04,26.90
778,RPM00098646,2019-02-18,80.06,86.54,74.84,26.70
779,RPM00098646,2019-02-19,80.42,85.46,75.38,26.90
780,RPM00098646,2019-02-20,79.88,86.18,,26.60
781,RPM00098646,2019-02-21,78.98,86.90,72.86,26.10
782,RPM00098646,2019-02-22,79.34,86.18,72.14,26.30
783,RPM00098646,2019-02-23,80.24,86.54,73.22,26.80
784,RPM00098646,2019-02-24,80.06,,75.02,26.70
785,RPM00098646,2019-02-25,79.52,86.36,,26.40
786,RPM00098646,2019-02-26,78.62,84.74,,25.90
787,RPM00098646,2019-02-27,79.34,86.00,70.88,26.30
788,RPM00098646,2019-02-28,80.96,87.08,71.06,27.20
789,RPM00098646,2019-03-01,80.78,86.90,,27.10
790,RPM00098646,2019-03-02,81.14,87.26,74.66,27.30
791,RPM00098646,2019-03-03,82.04,89.06,75.02,27.80
792,RPM00098646,2019-03-04,82.04,88.34,,27.80
793,RPM00098646,2019-03-05,81.50,87.26,75.38,27.50
794,RPM00098646,2019-03-06,81.14,87.62,,27.30
795,RPM00098646,2019-03-07,81.14,87.62,,27.30
796,RPM00098646,2019-03-08,80.60,87.26,,27.00
797,RPM00098646,2019-03-09,80.78,88.88,73.40,27.10
798,RPM00098646,2019-03-10,80.78,89.60,73.40,27.10
799,RPM00098646,2019-03-11,81.50,88.88,72.68,27.50
800,RPM00098646,2019-03-12,80.96,88.16,,27.20
801,RPM00098646,2019-03-13,81.86,,72.68,27.70
802,RPM00098646,2019-03-14,81.32,89.42,72.86,27.40
803,RPM00098646,2019-03-15,80.96,89.06,72.32,27.20
804,RPM00098646,2019-03-16,81.50,89.96,,27.50
805,RPM00098646,2019-03-17,79.70,,,26.50
806,RPM00098646,2019-03-18,81.86,88.16,76.10,27.70
807,RPM00098646,2019-03-19,79.88,,,26.60
808,RPM00098646,2019-03-20,82.58,89.06,75.20,28.10
809,RPM00098646,2019-03-21,82.04,89.60,,27.80
810,RPM00098646,2019-03-22,81.32,,74.48,27.40
811,RPM00098646,2019-03-23,82.94,,73.94,28.30
812,RPM00098646,2019-03-24,82.58,,,28.10
813,RPM00098646,2019-03-25,81.32,88.34,,27.40
814,RPM00098646,2019-03-26,81.32,89.06,74.66,27.40
815,RPM00098646,2019-03-27,77.90,84.20,,25.50
816,RPM00098646,2019-03-28,82.94,89.60,74.12,28.30
817,RPM00098646,2019-03-29,80.78,89.96,,27.10
818,RPM00098646,2019-03-30,81.68,,73.22,27.60
819,RPM00098646,2019-03-31,81.86,89.06,73.22,27.70
820,RPM00098646,2019-04-01,81.32,87.44,74.84,27.40
821,RPM00098646,2019-04-02,82.04,87.98,,27.80
822,RPM00098646,2019-04-03,81.86,89.06,,27.70
823,RPM00098646,2019-04-04,82.22,89.42,74.48,27.90
824,RPM00098646,2019-04-05,83.48,89.06,75.92,28.60
825,RPM00098646,2019-04-06,81.68,88.34,78.26,27.60
826,RPM00098646,2019-04-07,84.74,91.58,77.72,29.30
827,RPM00098646,2019-04-08,81.50,88.70,78.08,27.50
828,RPM00098646,2019-04-09,80.24,87.26,,26.80
829,RPM00098646,2019-04-10,82.22,88.34,77.90,27.90
830,RPM00098646,2019-04-11,83.84,,79.16,28.80
831,RPM00098646,2019-04-12,84.92,92.84,,29.40
832,RPM00098646,2019-04-13,83.84,,,28.80
833,RPM00098646,2019-04-14,83.12,90.50,76.46,28.40
834,RPM00098646,2019-04-15,83.48,92.12,,28.60
835,RPM00098646,2019-04-16,84.20,92.30,75.92,29.00
836,RPM00098646,2019-04-17,83.48,91.94,76.28,28.60
837,RPM00098646,2019-04-18,84.74,93.92,77.54,29.30
838,RPM00098646,2019-04-19,84.38,91.40,78.26,29.10
839,RPM00098646,2019-04-20,84.56,94.28,,29.20
840,RPM00098646,2019-04-21,84.38,,76.64,29.10
841,RPM00098646,2019-04-22,84.20,90.68,75.92,29.00
842,RPM00098646,2019-04-23,84.38,90.14,78.44,29.10
843,RPM00098646,2019-04-24,84.38,91.94,,29.10
844,RPM00098646,2019-04-25,83.84,90.50,76.46,28.80
845,RPM00098646,2019-04-26,84.74,92.48,77.90,29.30
846,RPM00098646,2019-04-27,84.38,91.22,77.72,29.10
847,RPM00098646,2019-04-28,83.66,92.30,,28.70
848,RPM00098646,2019-04-29,84.74,92.48,77.54,29.30
849,RPM00098646,2019-04-30,85.64,92.30,78.08,29.80
850,RPM00098646,2019-05-01,84.74,91.04,,29.30
851,RPM00098646,2019-05-02,85.28,93.38,80.78,29.60
852,RPM00098646,2019-05-03,85.28,93.74,,29.60
853,RPM00098646,2019-05-04,85.28,95.18,,29.60
854,RPM00098646,2019-05-05,84.74,91.76,,29.30
855,RPM00098646,2019-05-06,86.54,95.36,78.80,30.30
856,RPM00098646,2019-05-07,86.36,94.46,,30.20
857,RPM00098646,2019-05-08,86.54,96.80,79.16,30.30
858,RPM00098646,2019-05-09,83.84,91.76,,28.80
859,RPM00098646,2019-05-10,85.82,95.18,79.70,29.90
860,RPM00098646,2019-05-11,85.46,91.40,80.24,29.70
861,RPM00098646,2019-05-12,87.08,95.54,80.42,30.60
862,RPM00098646,2019-05-13,87.98,95.54,80.60,31.10
863,RPM00098646,2019-05-14,87.08,95.18,80.42,30.60
864,RPM00098646,2019-05-15,86.54,94.82,,30.30
865,RPM00098646,2019-05-16,87.08,95.36,,30.60
866,RPM00098646,2019-05-17,84.20,93.20,77.36,29.00
867,RPM00098646,2019-05-18,86.18,95.00,79.34,30.10
868,RPM00098646,2019-05-19,86.36,94.64,80.06,30.20
869,RPM00098646,2019-05-20,86.54,96.26,,30.30
870,RPM00098646,2019-05-21,85.28,93.38,,29.60
871,RPM00098646,2019-05-22,85.64,95.90,,29.80
872,RPM00098646,2019-05-23,83.84,92.48,,28.80
873,RPM00098646,2019-05-24,84.92,93.56,79.16,29.40
874,RPM00098646,2019-05-25,85.28,92.30,80.06,29.60
875,RPM00098646,2019-05-26,86.18,93.02,80.24,30.10
876,RPM00098646,2019-05-27,86.54,,80.24,30.30
877,RPM00098646,2019-05-28,86.36,94.46,,30.20
878,RPM00098646,2019-05-29,87.26,93.92,79.70,30.70
879,RPM00098646,2019-05-30,87.08,92.48,81.14,30.60
880,RPM00098646,2019-05-31,87.26,,82.22,30.70
881,RPM00098646,2019-06-01,86.54,,81.86,30.30
882,RPM00098646,2019-06-02,86.36,,82.04,30.20
883,RPM00098646,2019-06-03,87.26,95.00,81.68,30.70
884,RPM00098646,2019-06-04,85.64,94.64,,29.80
885,RPM00098646,2019-06-05,83.12,92.84,,28.40
886,RPM00098646,2019-06-06,83.66,91.58,76.46,28.70
887,RPM00098646,2019-06-07,86.18,93.56,80.60,30.10
888,RPM00098646,2019-06-08,85.64,93.38,79.52,29.80
889,RPM00098646,2019-06-09,84.56,92.12,,29.20
890,RPM00098646,2019-06-10,85.82,93.92,,29.90
891,RPM00098646,2019-06-11,86.54,94.64,78.26,30.30
892,RPM00098646,2019-06-12,87.08,94.64,81.32,30.60
893,RPM00098646,2019-06-13,87.08,,,30.60
894,RPM00098646,2019-06-14,85.10,95.00,,29.50
895,RPM00098646,2019-06-15,86.00,94.64,79.88,30.00
896,RPM00098646,2019-06-16,86.36,93.74,,30.20
897,RPM00098646,2019-06-17,86.36,93.38,79.52,30.20
898,RPM00098646,2019-06-18,87.26,94.10,80.60,30.70
899,RPM00098646,2019-06-19,87.08,94.46,81.32,30.60
900,RPM00098646,2019-06-20,86.36,95.00,,30.20
901,RPM00098646,2019-06-21,86.54,93.74,80.42,30.30
902,RPM00098646,2019-06-22,86.18,95.00,79.88,30.10
903,RPM00098646,2019-06-23,82.04,93.02,,27.80
904,RPM00098646,2019-06-24,82.40,90.86,74.48,28.00
905,RPM00098646,2019-06-25,85.82,93.56,75.02,29.90
906,RPM00098646,2019-06-26,84.02,92.84,,28.90
907,RPM00098646,2019-06-27,84.92,91.76,,29.40
908,RPM00098646,2019-06-28,84.56,90.68,,29.20
909,RPM00098646,2019-06-29,84.38,93.20,,29.10
910,RPM00098646,2019-06-30,82.94,89.78,78.98,28.30
911,RPM00098646,2019-07-01,83.30,90.14,,28.50
912,RPM00098646,2019-07-02,83.48,90.86,77.36,28.60
913,RPM00098646,2019-07-03,82.76,92.48,,28.20
914,RPM00098646,2019-07-04,81.32,89.78,74.48,27.40
915,RPM00098646,2019-07-05,82.94,89.42,,28.30
916,RPM00098646,2019-07-06,84.02,89.96,78.26,28.90
917,RPM00098646,2019-07-07,84.38,91.76,,29.10
918,RPM00098646,2019-07-08,83.66,89.78,76.28,28.70
919,RPM00098646,2019-07-09,82.58,89.96,74.84,28.10
920,RPM00098646,2019-07-10,83.30,90.32,,28.50
921,RPM00098646,2019-07-11,84.56,90.50,78.26,29.20
922,RPM00098646,2019-07-12,83.48,91.22,79.16,28.60
923,RPM00098646,2019-07-13,80.06,88.88,,26.70
924,RPM00098646,2019-07-14,80.96,,,27.20
925,RPM00098646,2019-07-15,80.78,86.00,,27.10
926,RPM00098646,2019-07-16,80.78,83.48,76.64,27.10
927,RPM00098646,2019-07-17,84.02,88.34,77.00,28.90
928,RPM00098646,2019-07-18,84.20,,,29.00
929,RPM00098646,2019-07-19,85.10,93.56,78.44,29.50
930,RPM00098646,2019-07-20,85.46,91.76,79.16,29.70
931,RPM00098646,2019-07-21,82.94,90.86,,28.30
932,RPM00098646,2019-07-22,80.78,90.14,76.64,27.10
933,RPM00098646,2019-07-23,81.68,89.60,,27.60
934,RPM00098646,2019-07-24,82.76,88.52,77.54,28.20
935,RPM00098646,2019-07-25,83.84,89.78,78.26,28.80
936,RPM00098646,2019-07-26,84.02,90.50,77.72,28.90
937,RPM00098646,2019-07-27,81.32,89.60,,27.40
938,RPM00098646,2019-07-28,78.98,84.20,,26.10
939,RPM00098646,2019-07-29,82.40,88.34,75.20,28.00
940,RPM00098646,2019-07-30,83.66,89.96,78.26,28.70
941,RPM00098646,2019-07-31,82.76,88.88,,28.20
942,RPM00098646,2019-08-01,84.20,89.24,79.88,29.00
943,RPM00098646,2019-08-02,81.50,89.60,,27.50
944,RPM00098646,2019-08-03,80.60,88.52,73.76,27.00
945,RPM00098646,2019-08-04,83.12,90.14,75.56,28.40
946,RPM00098646,2019-08-05,83.84,88.52,79.16,28.80
947,RPM00098646,2019-08-06,82.40,88.16,,28.00
948,RPM00098646,2019-08-07,84.92,88.52,,29.40
949,RPM00098646,2019-08-08,84.92,89.78,,29.40
950,RPM00098646,2019-08-09,85.10,91.40,,29.50
951,RPM00098646,2019-08-10,85.10,92.30,,29.50
952,RPM00098646,2019-08-11,85.64,92.12,79.16,29.80
953,RPM00098646,2019-08-12,85.46,92.12,79.52,29.70
954,RPM00098646,2019-08-13,84.92,92.12,79.52,29.40
955,RPM00098646,2019-08-14,85.28,92.48,79.52,29.60
956,RPM00098646,2019-08-15,85.64,92.12,79.16,29.80
957,RPM00098646,2019-08-16,85.10,91.40,79.70,29.50
958,RPM00098646,2019-08-17,84.02,92.48,,28.90
959,RPM00098646,2019-08-18,83.48,92.12,77.36,28.60
960,RPM00098646,2019-08-19,84.56,92.12,77.72,29.20
961,RPM00098646,2019-08-20,82.04,91.58,,27.80
962,RPM00098646,2019-08-21,81.68,86.18,72.68,27.60
963,RPM00098646,2019-08-22,81.68,88.70,78.80,27.60
964,RPM00098646,2019-08-23,83.12,88.88,78.62,28.40
965,RPM00098646,2019-08-24,84.38,91.40,,29.10
966,RPM00098646,2019-08-25,84.20,91.04,77.36,29.00
967,RPM00098646,2019-08-26,82.04,90.68,,27.80
968,RPM00098646,2019-08-27,81.68,85.64,78.44,27.60
969,RPM00098646,2019-08-28,84.20,90.32,,29.00
970,RPM00098646,2019-08-29,83.48,89.60,,28.60
971,RPM00098646,2019-08-30,84.38,91.76,78.80,29.10
972,RPM00098646,2019-08-31,81.68,88.16,,27.60
973,RPM00098646,2019-09-01,79.70,87.26,,26.50
974,RPM00098646,2019-09-02,82.94,,75.56,28.30
975,RPM00098646,2019-09-03,82.58,89.42,,28.10
976,RPM00098646,2019-09-04,83.66,90.32,76.64,28.70
977,RPM00098646,2019-09-05,84.20,91.04,79.70,29.00
978,RPM00098646,2019-09-06,84.74,91.40,79.88,29.30
979,RPM00098646,2019-09-07,84.92,92.12,79.70,29.40
980,RPM00098646,2019-09-08,84.56,92.84,,29.20
981,RPM00098646,2019-09-09,84.38,92.30,78.80,29.10
982,RPM00098646,2019-09-10,84.74,90.50,79.34,29.30
983,RPM00098646,2019-09-11,83.12,91.94,,28.40
984,RPM00098646,2019-09-12,81.86,88.70,77.54,27.70
985,RPM00098646,2019-09-13,80.24,88.70,,26.80
986,RPM00098646,2019-09-14,83.12,89.24,75.74,28.40
987,RPM00098646,2019-09-15,83.12,88.34,,28.40
988,RPM00098646,2019-09-16,84.92,90.86,78.26,29.40
989,RPM00098646,2019-09-17,84.92,92.12,,29.40
990,RPM00098646,2019-09-18,83.84,92.48,,28.80
991,RPM00098646,2019-09-19,84.02,91.76,,28.90
992,RPM00098646,2019-09-20,83.30,91.76,78.44,28.50
993,RPM00098646,2019-09-21,83.48,93.56,,28.60
994,RPM00098646,2019-09-22,84.74,94.28,77.36,29.30
995,RPM00098646,2019-09-23,83.84,,77.54,28.80
996,RPM00098646,2019-09-24,85.28,92.12,77.72,29.60
997,RPM00098646,2019-09-25,85.10,92.66,80.06,29.50
998,RPM00098646,2019-09-26,85.82,93.92,79.88,29.90
999,RPM00098646,2019-09-27,85.28,93.74,,29.60
1000,RPM00098646,2019-09-28,85.10,92.66,78.44,29.50
1001,RPM00098646,2019-09-29,86.00,93.74,,30.00
1002,RPM00098646,2019-09-30,83.84,91.76,77.54,28.80
1003,RPM00098646,2019-10-01,84.38,,,29.10
1004,RPM00098646,2019-10-02,84.38,91.04,76.10,29.10
1005,RPM00098646,2019-10-03,82.04,91.04,,27.80
1006,RPM00098646,2019-10-04,82.22,90.68,,27.90
1007,RPM00098646,2019-10-05,81.86,90.32,75.02,27.70
1008,RPM00098646,2019-10-06,84.56,91.22,77.18,29.20
1009,RPM00098646,2019-10-07,84.92,91.94,79.34,29.40
1010,RPM00098646,2019-10-08,83.66,89.60,,28.70
1011,RPM00098646,2019-10-09,82.94,90.68,,28.30
1012,RPM00098646,2019-10-10,80.06,84.56,,26.70
1013,RPM00098646,2019-10-11,80.96,89.96,,27.20
1014,RPM00098646,2019-10-12,81.68,89.78,75.20,27.60
1015,RPM00098646,2019-10-13,82.22,87.80,75.74,27.90
1016,RPM00098646,2019-10-14,81.68,87.98,77.00,27.60
1017,RPM00098646,2019-10-15,83.12,88.34,77.54,28.40
1018,RPM00098646,2019-10-16,83.12,89.42,,28.40
1019,RPM00098646,2019-10-17,81.32,87.80,,27.40
1020,RPM00098646,2019-10-18,83.84,90.50,76.64,28.80
1021,RPM00098646,2019-10-19,84.02,,78.26,28.90
1022,RPM00098646,2019-10-20,84.38,,78.62,29.10
1023,RPM00098646,2019-10-21,84.38,90.86,,29.10
1024,RPM00098646,2019-10-22,84.38,91.04,76.64,29.10
1025,RPM00098646,2019-10-23,83.48,90.86,,28.60
1026,RPM00098646,2019-10-24,84.56,90.50,75.20,29.20
1027,RPM00098646,2019-10-25,84.74,,79.16,29.30
1028,RPM00098646,2019-10-26,82.94,89.96,,28.30
1029,RPM00098646,2019-10-27,80.78,88.34,,27.10
1030,RPM00098646,2019-10-28,82.76,89.24,76.10,28.20
1031,RPM00098646,2019-10-29,84.02,91.04,,28.90
1032,RPM00098646,2019-10-30,80.96,90.14,,27.20
1033,RPM00098646,2019-10-31,81.32,87.80,74.66,27.40
1034,RPM00098646,2019-11-01,82.22,87.08,76.82,27.90
1035,RPM00098646,2019-11-02,81.68,87.08,,27.60
1036,RPM00098646,2019-11-03,83.84,89.60,77.00,28.80
1037,RPM00098646,2019-11-04,84.38,91.04,77.36,29.10
1038,RPM00098646,2019-11-05,81.32,89.60,,27.40
1039,RPM00098646,2019-11-06,82.94,,76.64,28.30
1040,RPM00098646,2019-11-07,83.66,88.34,78.08,28.70
1041,RPM00098646,2019-11-08,81.14,90.50,,27.30
1042,RPM00098646,2019-11-09,84.02,90.32,75.56,28.90
1043,RPM00098646,2019-11-10,83.12,,,28.40
1044,RPM00098646,2019-11-11,80.42,90.68,,26.90
1045,RPM00098646,2019-11-12,82.04,87.44,76.46,27.80
1046,RPM00098646,2019-11-13,82.40,87.80,,28.00
1047,RPM00098646,2019-11-14,83.66,,76.46,28.70
1048,RPM00098646,2019-11-15,84.38,92.84,76.64,29.10
1049,RPM00098646,2019-11-16,83.48,88.70,78.26,28.60
1050,RPM00098646,2019-11-17,82.76,88.16,,28.20
1051,RPM00098646,2019-11-18,83.84,91.40,77.72,28.80
1052,RPM00098646,2019-11-19,82.22,91.22,,27.90
1053,RPM00098646,2019-11-20,84.38,92.12,78.08,29.10
1054,RPM00098646,2019-11-21,82.76,90.32,,28.20
1055,RPM00098646,2019-11-22,83.12,88.88,77.54,28.40
1056,RPM00098646,2019-11-23,83.84,89.96,78.08,28.80
1057,RPM00098646,2019-11-24,83.84,89.78,77.90,28.80
1058,RPM00098646,2019-11-25,83.66,,,28.70
1059,RPM00098646,2019-11-26,79.34,,76.64,26.30
1060,RPM00098646,2019-11-27,82.58,88.16,76.64,28.10
1061,RPM00098646,2019-11-28,84.02,90.68,76.28,28.90
1062,RPM00098646,2019-11-29,81.32,89.06,78.44,27.40
1063,RPM00098646,2019-11-30,81.50,89.24,,27.50
1064,RPM00098646,2019-12-01,82.04,89.96,76.10,27.80
1065,RPM00098646,2019-12-02,79.88,82.40,76.82,26.60
1066,RPM00098646,2019-12-03,79.88,86.18,,26.60
1067,RPM00098646,2019-12-04,82.76,91.94,75.92,28.20
1068,RPM00098646,2019-12-05,82.22,,,27.90
1069,RPM00098646,2019-12-06,82.58,,76.82,28.10
1070,RPM00098646,2019-12-07,82.22,87.80,76.46,27.90
1071,RPM00098646,2019-12-08,81.86,88.52,77.00,27.70
1072,RPM00098646,2019-12-09,82.76,89.06,77.72,28.20
1073,RPM00098646,2019-12-10,82.76,89.06,,28.20
1074,RPM00098646,2019-12-11,81.32,87.62,,27.40
1075,RPM00098646,2019-12-12,80.42,89.24,,26.90
1076,RPM00098646,2019-12-13,80.06,88.88,,26.70
1077,RPM00098646,2019-12-14,83.12,87.80,74.48,28.40
1078,RPM00098646,2019-12-15,83.66,88.88,,28.70
1079,RPM00098646,2019-12-16,82.22,88.34,77.18,27.90
1080,RPM00098646,2019-12-17,80.24,,,26.80
1081,RPM00098646,2019-12-18,80.60,85.46,74.84,27.00
1082,RPM00098646,2019-12-19,80.24,86.90,,26.80
1083,RPM00098646,2019-12-20,79.88,85.10,75.20,26.60
1084,RPM00098646,2019-12-21,79.16,85.10,,26.20
1085,RPM00098646,2019-12-22,81.50,,74.84,27.50
1086,RPM00098646,2019-12-23,81.68,87.44,,27.60
1087,RPM00098646,2019-12-24,78.62,,74.12,25.90
1088,RPM00098646,2019-12-25,82.22,89.24,76.10,27.90
1089,RPM00098646,2019-12-26,81.14,87.80,,27.30
1090,RPM00098646,2019-12-27,81.86,88.52,76.82,27.70
1091,RPM00098646,2019-12-28,81.86,86.36,75.92,27.70
1092,RPM00098646,2019-12-29,81.50,86.54,,27.50
1093,RPM00098646,2019-12-30,80.96,,,27.20
1094,RPM00098646,2019-12-31,80.78,87.26,75.20,27.10
1095,RPM00098646,2020-01-01,81.86,89.96,76.46,27.70
1096,RPM00098646,2020-01-02,81.14,86.72,,27.30
1097,RPM00098646,2020-01-03,80.42,87.08,,26.90
1098,RPM00098646,2020-01-04,80.78,86.36,73.94,27.10
1099,RPM00098646,2020-01-05,81.86,,75.92,27.70
1100,RPM00098646,2020-01-06,82.04,86.54,,27.80
1101,RPM00098646,2020-01-07,81.86,86.54,75.56,27.70
1102,RPM00098646,2020-01-08,80.96,87.80,,27.20
1103,RPM00098646,2020-01-09,80.60,86.18,74.84,27.00
1104,RPM00098646,2020-01-10,82.04,88.70,,27.80
1105,RPM00098646,2020-01-11,81.68,,,27.60
1106,RPM00098646,2020-01-12,77.90,82.40,,25.50
1107,RPM00098646,2020-01-13,81.32,86.36,74.48,27.40
1108,RPM00098646,2020-01-14,82.04,87.98,,27.80
1109,RPM00098646,2020-01-15,82.76,88.16,78.08,28.20
1110,RPM00098646,2020-01-16,82.76,,,28.20
1111,RPM00098646,2020-01-17,82.94,89.06,77.72,28.30
1112,RPM00098646,2020-01-18,82.76,,,28.20
1113,RPM00098646,2020-01-19,81.32,87.80,77.00,27.40
1114,RPM00098646,2020-01-20,79.16,82.76,,26.20
1115,RPM00098646,2020-01-21,80.78,86.00,74.48,27.10
1116,RPM00098646,2020-01-22,80.60,84.56,77.00,27.00
1117,RPM00098646,2020-01-23,82.04,87.26,76.82,27.80
1118,RPM00098646,2020-01-24,82.04,87.80,77.54,27.80
1119,RPM00098646,2020-01-25,81.14,87.44,,27.30
1120,RPM00098646,2020-01-26,82.22,89.24,76.82,27.90
1121,RPM00098646,2020-01-27,83.30,90.32,76.82,28.50
1122,RPM00098646,2020-01-28,82.76,90.50,,28.20
1123,RPM00098646,2020-01-29,83.12,89.96,,28.40
1124,RPM00098646,2020-01-30,81.68,87.98,,27.60
1125,RPM00098646,2020-01-31,81.14,88.52,75.74,27.30
1126,RPM00098646,2020-02-01,80.24,86.54,,26.80
1127,RPM00098646,2020-02-02,79.34,86.36,,26.30
1128,RPM00098646,2020-02-03,79.70,85.46,,26.50
1129,RPM00098646,2020-02-04,80.24,84.56,72.32,26.80
1130,RPM00098646,2020-02-05,80.78,88.88,75.56,27.10
1131,RPM00098646,2020-02-06,77.54,80.60,75.20,25.30
1132,RPM00098646,2020-02-07,79.16,85.28,,26.20
1133,RPM00098646,2020-02-08,80.42,86.72,,26.90
1134,RPM00098646,2020-02-09,80.60,,,27.00
1135,RPM00098646,2020-02-10,78.62,84.74,73.94,25.90
1136,RPM00098646,2020-02-11,79.52,85.64,,26.40
1137,RPM00098646,2020-02-12,78.80,,74.66,26.00
1138,RPM00098646,2020-02-13,80.06,,75.02,26.70
1139,RPM00098646,2020-02-14,82.22,86.90,75.38,27.90
1140,RPM00098646,2020-02-15,81.50,86.72,,27.50
1141,RPM00098646,2020-02-16,81.50,86.18,75.02,27.50
1142,RPM00098646,2020-02-17,79.70,86.18,,26.50
1143,RPM00098646,2020-02-18,80.06,86.90,76.28,26.70
1144,RPM00098646,2020-02-19,80.06,86.72,,26.70
1145,RPM00098646,2020-02-20,79.16,85.28,,26.20
1146,RPM00098646,2020-02-21,79.88,87.26,,26.60
1147,RPM00098646,2020-02-22,80.24,86.18,74.48,26.80
1148,RPM00098646,2020-02-23,80.78,87.08,74.48,27.10
1149,RPM00098646,2020-02-24,82.04,86.54,75.38,27.80
1150,RPM00098646,2020-02-25,81.86,88.16,76.46,27.70
1151,RPM00098646,2020-02-26,82.22,,,27.90
1152,RPM00098646,2020-02-27,80.24,87.08,,26.80
1153,RPM00098646,2020-02-28,80.06,85.64,76.28,26.70
1154,RPM00098646,2020-02-29,81.14,86.72,,27.30
1155,RPM00098646,2020-03-01,81.14,87.08,75.56,27.30
1156,RPM00098646,2020-03-02,81.32,87.44,,27.40
1157,RPM00098646,2020-03-03,81.32,86.18,75.20,27.40
1158,RPM00098646,2020-03-04,82.76,87.08,,28.20
1159,RPM00098646,2020-03-05,82.40,89.60,,28.00
1160,RPM00098646,2020-03-06,81.68,89.96,78.62,27.60
1161,RPM00098646,2020-03-07,82.58,87.98,78.26,28.10
1162,RPM00098646,2020-03-08,82.76,90.32,,28.20
1163,RPM00098646,2020-03-09,81.86,90.68,,27.70
1164,RPM00098646,2020-03-10,82.58,90.86,75.02,28.10
1165,RPM00098646,2020-03-11,83.12,,78.26,28.40
1166,RPM00098646,2020-03-12,82.58,91.04,,28.10
1167,RPM00098646,2020-03-13,81.68,,,27.60
1168,RPM00098646,2020-03-14,81.32,91.04,74.84,27.40
1169,RPM00098646,2020-03-15,82.94,90.50,75.38,28.30
1170,RPM00098646,2020-03-16,82.58,90.14,,28.10
1171,RPM00098646,2020-03-17,83.30,89.60,74.84,28.50
1172,RPM00098646,2020-03-18,82.76,88.88,,28.20
1173,RPM00098646,2020-03-19,83.48,88.70,,28.60
1174,RPM00098646,2020-03-20,83.84,90.86,,28.80
1175,RPM00098646,2020-03-21,84.56,90.50,76.82,29.20
1176,RPM00098646,2020-03-22,83.66,90.50,,28.70
1177,RPM00098646,2020-03-23,83.66,90.50,76.28,28.70
1178,RPM00098646,2020-03-24,83.66,90.32,76.46,28.70
1179,RPM00098646,2020-03-25,83.12,88.52,,28.40
1180,RPM00098646,2020-03-26,82.22,89.24,,27.90
1181,RPM00098646,2020-03-27,83.66,89.96,,28.70
1182,RPM00098646,2020-03-28,82.94,90.32,,28.30
1183,RPM00098646,2020-03-29,84.20,89.78,76.28,29.00
1184,RPM00098646,2020-03-30,83.30,90.50,,28.50
1185,RPM00098646,2020-03-31,83.48,90.68,75.20,28.60
1186,RPM00098646,2020-04-01,83.66,,75.74,28.70
1187,RPM00098646,2020-04-02,84.02,91.40,76.64,28.90
1188,RPM00098646,2020-04-03,83.12,91.40,77.72,28.40
1189,RPM00098646,2020-04-04,84.56,91.58,,29.20
1190,RPM00098646,2020-04-05,84.02,90.50,76.28,28.90
1191,RPM00098646,2020-04-06,84.20,,,29.00
1192,RPM00098646,2020-04-07,83.84,93.38,75.56,28.80
1193,RPM00098646,2020-04-08,84.38,93.02,,29.10
1194,RPM00098646,2020-04-09,85.28,92.84,77.36,29.60
1195,RPM00098646,2020-04-10,84.74,91.22,,29.30
1196,RPM00098646,2020-04-11,83.30,90.50,,28.50
1197,RPM00098646,2020-04-12,83.30,92.48,,28.50
1198,RPM00098646,2020-04-13,84.20,93.92,75.38,29.00
1199,RPM00098646,2020-04-14,84.38,93.20,77.00,29.10
1200,RPM00098646,2020-04-15,84.56,92.48,76.10,29.20
1201,RPM00098646,2020-04-16,85.82,93.74,78.44,29.90
1202,RPM00098646,2020-04-17,86.54,93.20,78.44,30.30
1203,RPM00098646,2020-04-18,85.28,91.94,,29.60
1204,RPM00098646,2020-04-19,85.46,92.84,79.52,29.70
1205,RPM00098646,2020-04-20,85.64,92.30,80.06,29.80
1206,RPM00098646,2020-04-21,85.28,91.76,,29.60
1207,RPM00098646,2020-04-22,85.82,92.84,79.52,29.90
1208,RPM00098646,2020-04-23,85.82,,78.80,29.90
1209,RPM00098646,2020-04-24,85.64,92.12,80.78,29.80
1210,RPM00098646,2020-04-25,85.10,91.40,,29.50
1211,RPM00098646,2020-04-26,86.00,92.30,80.06,30.00
1212,RPM00098646,2020-04-27,83.84,,,28.80
1213,RPM00098646,2020-04-28,83.66,90.32,,28.70
1214,RPM00098646,2020-04-29,85.28,,78.44,29.60
1215,RPM00098646,2020-04-30,84.56,92.48,,29.20
1216,RPM00098646,2020-05-01,84.38,92.12,,29.10
1217,RPM00098646,2020-05-02,84.38,90.86,76.82,29.10
1218,RPM00098646,2020-05-03,82.22,87.44,78.80,27.90
1219,RPM00098646,2020-05-04,84.92,91.94,79.34,29.40
1220,RPM00098646,2020-05-05,85.64,92.66,80.42,29.80
1221,RPM00098646,2020-05-06,87.26,95.90,81.32,30.70
1222,RPM00098646,2020-05-07,87.08,96.08,,30.60
1223,RPM00098646,2020-05-08,87.08,94.46,78.62,30.60
1224,RPM00098646,2020-05-09,86.36,94.64,,30.20
1225,RPM00098646,2020-05-10,87.44,96.08,79.88,30.80
1226,RPM00098646,2020-05-11,86.72,93.74,81.32,30.40
1227,RPM00098646,2020-05-12,83.48,93.38,,28.60
1228,RPM00098646,2020-05-13,85.46,93.38,79.34,29.70
1229,RPM00098646,2020-05-14,84.74,93.20,80.42,29.30
1230,RPM00098646,2020-05-15,86.36,92.84,81.14,30.20
1231,RPM00098646,2020-05-16,85.64,91.94,,29.80
1232,RPM00098646,2020-05-17,87.26,93.56,80.96,30.70
1233,RPM00098646,2020-05-18,87.08,,,30.60
1234,RPM00098646,2020-05-19,87.08,,,30.60
1235,RPM00098646,2020-05-20,87.44,94.28,,30.80
1236,RPM00098646,2020-05-21,86.36,94.82,,30.20
1237,RPM00098646,2020-05-22,85.82,94.82,,29.90
1238,RPM00098646,2020-05-23,86.36,,78.98,30.20
1239,RPM00098646,2020-05-24,87.44,,,30.80
1240,RPM00098646,2020-05-25,87.62,95.18,81.14,30.90
1241,RPM00098646,2020-05-26,86.18,94.46,,30.10
1242,RPM00098646,2020-05-27,87.62,94.82,79.52,30.90
1243,RPM00098646,2020-05-28,85.28,93.20,,29.60
1244,RPM00098646,2020-05-29,84.38,92.30,,29.10
1245,RPM00098646,2020-05-30,85.64,92.48,78.26,29.80
1246,RPM00098646,2020-05-31,84.74,90.32,,29.30
1247,RPM00098646,2020-06-01,86.18,93.38,78.62,30.10
1248,RPM00098646,2020-06-02,86.18,92.84,78.44,30.10
1249,RPM00098646,2020-06-03,86.00,93.38,79.16,30.00
1250,RPM00098646,2020-06-04,86.72,94.64,,30.40
1251,RPM00098646,2020-06-05,85.64,92.30,77.36,29.80
1252,RPM00098646,2020-06-06,86.36,93.56,,30.20
1253,RPM00098646,2020-06-07,84.20,90.86,78.80,29.00
1254,RPM00098646,2020-06-08,84.56,90.68,78.08,29.20
1255,RPM00098646,2020-06-09,84.74,,79.16,29.30
1256,RPM00098646,2020-06-10,79.52,83.48,,26.40
1257,RPM00098646,2020-06-11,82.76,87.80,77.00,28.20
1258,RPM00098646,2020-06-12,82.58,88.34,,28.10
1259,RPM00098646,2020-06-13,85.28,90.50,78.62,29.60
1260,RPM00098646,2020-06-14,84.92,89.24,80.42,29.40
1261,RPM00098646,2020-06-15,82.58,90.68,,28.10
1262,RPM00098646,2020-06-16,82.94,88.52,75.56,28.30
1263,RPM00098646,2020-06-17,84.74,,78.80,29.30
1264,RPM00098646,2020-06-18,79.88,86.90,,26.60
1265,RPM00098646,2020-06-19,81.68,87.98,76.82,27.60
1266,RPM00098646,2020-06-20,85.10,,77.18,29.50
1267,RPM00098646,2020-06-21,84.02,90.32,,28.90
1268,RPM00098646,2020-06-22,84.92,90.32,78.62,29.40
1269,RPM00098646,2020-06-23,85.28,90.50,79.16,29.60
1270,RPM00098646,2020-06-24,84.74,90.14,,29.30
1271,RPM00098646,2020-06-25,84.02,90.14,77.90,28.90
1272,RPM00098646,2020-06-26,82.04,89.06,,27.80
1273,RPM00098646,2020-06-27,82.22,88.34,76.46,27.90
1274,RPM00098646,2020-06-28,81.86,89.24,,27.70
1275,RPM00098646,2020-06-29,80.42,86.90,,26.90
1276,RPM00098646,2020-06-30,82.58,88.34,74.12,28.10
1277,RPM00098646,2020-07-01,84.92,,77.90,29.40
1278,RPM00098646,2020-07-02,85.82,,78.08,29.90
1279,RPM00098646,2020-07-03,82.76,88.34,,28.20
1280,RPM00098646,2020-07-04,83.12,89.78,77.00,28.40
1281,RPM00098646,2020-07-05,83.66,89.96,77.54,28.70
1282,RPM00098646,2020-07-06,83.84,89.06,77.54,28.80
1283,RPM00098646,2020-07-07,84.38,88.88,78.62,29.10
1284,RPM00098646,2020-07-08,84.38,90.32,,29.10
1285,RPM00098646,2020-07-09,84.02,90.14,76.46,28.90
1286,RPM00098646,2020-07-10,84.74,91.94,,29.30
1287,RPM00098646,2020-07-11,84.20,89.96,74.84,29.00
1288,RPM00098646,2020-07-12,84.74,,78.08,29.30
1289,RPM00098646,2020-07-13,85.64,92.12,,29.80
1290,RPM00098646,2020-07-14,84.92,90.68,,29.40
1291,RPM00098646,2020-07-15,83.12,90.68,77.18,28.40
1292,RPM00098646,2020-07-16,84.20,90.32,,29.00
1293,RPM00098646,2020-07-17,82.76,89.24,,28.20
1294,RPM00098646,2020-07-18,82.76,87.80,78.44,28.20
1295,RPM00098646,2020-07-19,83.12,88.88,,28.40
1296,RPM00098646,2020-07-20,83.48,90.14,,28.60
1297,RPM00098646,2020-07-21,81.32,85.10,75.56,27.40
1298,RPM00098646,2020-07-22,84.38,89.96,,29.10
1299,RPM00098646,2020-07-23,83.48,90.50,,28.60
1300,RPM00098646,2020-07-24,81.86,88.88,,27.70
1301,RPM00098646,2020-07-25,83.48,91.40,74.84,28.60
1302,RPM00098646,2020-07-26,83.48,90.50,,28.60
1303,RPM00098646,2020-07-27,82.58,,76.82,28.10
1304,RPM00098646,2020-07-28,79.34,87.26,,26.30
1305,RPM00098646,2020-07-29,82.22,87.44,76.28,27.90
1306,RPM00098646,2020-07-30,84.20,89.60,78.26,29.00
1307,RPM00098646,2020-07-31,81.86,,,27.70
1308,RPM00098646,2020-08-01,79.70,87.80,,26.50
1309,RPM00098646,2020-08-02,82.58,87.80,73.94,28.10
1310,RPM00098646,2020-08-03,82.58,87.80,,28.10
1311,RPM00098646,2020-08-04,83.48,88.88,,28.60
1312,RPM00098646,2020-08-05,81.86,87.98,,27.70
1313,RPM00098646,2020-08-06,82.40,90.14,75.74,28.00
1314,RPM00098646,2020-08-07,82.40,88.34,76.82,28.00
1315,RPM00098646,2020-08-08,83.48,,77.72,28.60
1316,RPM00098646,2020-08-09,84.02,88.88,78.80,28.90
1317,RPM00098646,2020-08-10,84.56,93.20,,29.20
1318,RPM00098646,2020-08-11,83.84,90.68,,28.80
1319,RPM00098646,2020-08-12,82.76,89.06,,28.20
1320,RPM00098646,2020-08-13,79.52,,75.20,26.40
1321,RPM00098646,2020-08-14,81.50,88.16,75.92,27.50
1322,RPM00098646,2020-08-15,83.84,90.50,76.10,28.80
1323,RPM00098646,2020-08-16,82.04,91.22,,27.80
1324,RPM00098646,2020-08-17,81.50,89.96,,27.50
1325,RPM00098646,2020-08-18,81.14,87.62,75.02,27.30
1326,RPM00098646,2020-08-19,80.06,86.54,,26.70
1327,RPM00098646,2020-08-20,80.60,87.80,75.20,27.00
1328,RPM00098646,2020-08-21,83.84,,76.64,28.80
1329,RPM00098646,2020-08-22,84.38,90.50,78.08,29.10
1330,RPM00098646,2020-08-23,83.66,89.96,78.08,28.70
1331,RPM00098646,2020-08-24,84.74,91.76,78.44,29.30
1332,RPM00098646,2020-08-25,85.82,,79.16,29.90
1333,RPM00098646,2020-08-26,85.64,,,29.80
1334,RPM00098646,2020-08-27,84.02,,79.16,28.90
1335,RPM00098646,2020-08-28,84.74,,79.52,29.30
1336,RPM00098646,2020-08-29,85.82,92.12,80.42,29.90
1337,RPM00098646,2020-08-30,84.38,90.32,,29.10
1338,RPM00098646,2020-08-31,84.56,90.32,,29.20
1339,RPM00098646,2020-09-01,84.56,93.92,,29.20
1340,RPM00098646,2020-09-02,83.84,92.66,76.64,28.80
1341,RPM00098646,2020-09-03,85.46,,78.08,29.70
1342,RPM00098646,2020-09-04,85.46,,78.44,29.70
1343,RPM00098646,2020-09-05,86.18,93.20,79.16,30.10
1344,RPM00098646,2020-09-06,84.56,93.02,79.52,29.20
1345,RPM00098646,2020-09-07,85.64,92.30,79.88,29.80
1346,RPM00098646,2020-09-08,84.38,92.12,,29.10
1347,RPM00098646,2020-09-09,83.84,91.40,74.48,28.80
1348,RPM00098646,2020-09-10,79.88,86.00,,26.60
1349,RPM00098646,2020-09-11,83.48,90.86,76.28,28.60
1350,RPM00098646,2020-09-12,83.84,91.76,,28.80
1351,RPM00098646,2020-09-13,84.38,92.30,77.36,29.10
1352,RPM00098646,2020-09-14,81.68,88.88,75.38,27.60
1353,RPM00098646,2020-09-15,80.96,87.08,75.92,27.20
1354,RPM00098646,2020-09-16,81.86,85.28,75.92,27.70
1355,RPM00098646,2020-09-17,78.08,85.28,,25.60
1356,RPM00098646,2020-09-18,82.94,89.60,75.20,28.30
1357,RPM00098646,2020-09-19,84.74,90.86,75.92,29.30
1358,RPM00098646,2020-09-20,84.38,91.40,,29.10
1359,RPM00098646,2020-09-21,82.22,,,27.90
1360,RPM00098646,2020-09-22,80.96,88.70,,27.20
1361,RPM00098646,2020-09-23,82.94,91.04,75.92,28.30
1362,RPM00098646,2020-09-24,83.66,91.76,77.72,28.70
1363,RPM00098646,2020-09-25,84.20,90.68,78.08,29.00
1364,RPM00098646,2020-09-26,83.84,90.32,,28.80
1365,RPM00098646,2020-09-27,84.20,90.50,77.18,29.00
1366,RPM00098646,2020-09-28,82.94,,,28.30
1367,RPM00098646,2020-09-29,81.86,,,27.70
1368,RPM00098646,2020-09-30,83.66,90.50,76.28,28.70
1369,RPM00098646,2020-10-01,84.56,93.20,78.08,29.20
1370,RPM00098646,2020-10-02,80.78,87.62,,27.10
1371,RPM00098646,2020-10-03,83.30,,,28.50
1372,RPM00098646,2020-10-04,82.58,89.24,,28.10
1373,RPM00098646,2020-10-05,83.48,,78.08,28.60
1374,RPM00098646,2020-10-06,83.48,89.78,77.72,28.60
1375,RPM00098646,2020-10-07,80.42,88.16,,26.90
1376,RPM00098646,2020-10-08,81.14,88.52,,27.30
1377,RPM00098646,2020-10-09,80.78,87.62,,27.10
1378,RPM00098646,2020-10-10,82.04,89.78,75.74,27.80
1379,RPM00098646,2020-10-11,80.78,,,27.10
1380,RPM00098646,2020-10-12,82.58,89.78,75.20,28.10
1381,RPM00098646,2020-10-13,81.50,,75.92,27.50
1382,RPM00098646,2020-10-14,82.58,90.50,76.64,28.10
1383,RPM00098646,2020-10-15,81.32,89.78,77.72,27.40
1384,RPM00098646,2020-10-16,82.04,,77.54,27.80
1385,RPM00098646,2020-10-17,81.14,89.60,,27.30
1386,RPM00098646,2020-10-18,82.76,,75.02,28.20
1387,RPM00098646,2020-10-19,81.68,,77.36,27.60
1388,RPM00098646,2020-10-20,83.66,89.78,78.62,28.70
1389,RPM00098646,2020-10-21,84.20,89.78,78.62,29.00
1390,RPM00098646,2020-10-22,83.66,90.50,,28.70
1391,RPM00098646,2020-10-23,81.32,,,27.40
1392,RPM00098646,2020-10-24,83.30,90.68,76.64,28.50
1393,RPM00098646,2020-10-25,80.24,,,26.80
1394,RPM00098646,2020-10-26,80.96,85.46,75.38,27.20
1395,RPM00098646,2020-10-27,81.68,,76.82,27.60
1396,RPM00098646,2020-10-28,81.68,88.34,75.74,27.60
1397,RPM00098646,2020-10-29,82.58,,75.92,28.10
1398,RPM00098646,2020-10-30,83.48,89.78,77.36,28.60
1399,RPM00098646,2020-10-31,82.58,,,28.10
1400,RPM00098646,2020-11-01,82.76,,76.10,28.20
1401,RPM00098646,2020-11-02,80.60,89.06,,27.00
1402,RPM00098646,2020-11-03,83.12,89.78,75.56,28.40
1403,RPM00098646,2020-11-04,82.94,90.14,77.00,28.30
1404,RPM00098646,2020-11-05,80.60,86.18,,27.00
1405,RPM00098646,2020-11-06,82.94,89.24,76.28,28.30
1406,RPM00098646,2020-11-07,79.34,,,26.30
1407,RPM00098646,2020-11-08,79.88,,,26.60
1408,RPM00098646,2020-11-09,81.32,90.50,74.66,27.40
1409,RPM00098646,2020-11-10,82.94,89.60,73.76,28.30
1410,RPM00098646,2020-11-11,82.22,86.36,,27.90
1411,RPM00098646,2020-11-12,82.40,89.60,76.46,28.00
1412,RPM00098646,2020-11-13,84.02,90.50,77.36,28.90
1413,RPM00098646,2020-11-14,84.38,90.32,,29.10
1414,RPM00098646,2020-11-15,84.02,89.78,,28.90
1415,RPM00098646,2020-11-16,84.20,,78.08,29.00
1416,RPM00098646,2020-11-17,83.12,89.78,,28.40
1417,RPM00098646,2020-11-18,82.76,90.14,,28.20
1418,RPM00098646,2020-11-19,82.76,,76.46,28.20
1419,RPM00098646,2020-11-20,84.38,90.68,76.64,29.10
1420,RPM00098646,2020-11-21,83.66,88.88,78.80,28.70
1421,RPM00098646,2020-11-22,84.56,,79.70,29.20
1422,RPM00098646,2020-11-23,82.76,86.36,79.34,28.20
1423,RPM00098646,2020-11-24,83.48,,77.72,28.60
1424,RPM00098646,2020-11-25,82.04,89.96,,27.80
1425,RPM00098646,2020-11-26,82.58,91.22,77.18,28.10
1426,RPM00098646,2020-11-27,81.14,85.10,,27.30
1427,RPM00098646,2020-11-28,82.58,88.70,77.00,28.10
1428,RPM00098646,2020-11-29,82.94,,78.26,28.30
1429,RPM00098646,2020-11-30,82.58,90.14,,28.10
1430,RPM00098646,2020-12-01,82.22,,,27.90
1431,RPM00098646,2020-12-02,80.24,88.88,,26.80
1432,RPM00098646,2020-12-03,81.86,,77.36,27.70
1433,RPM00098646,2020-12-04,81.50,89.24,,27.50
1434,RPM00098646,2020-12-05,82.22,87.98,74.30,27.90
1435,RPM00098646,2020-12-06,79.88,86.00,,26.60
1436,RPM00098646,2020-12-07,81.50,87.98,,27.50
1437,RPM00098646,2020-12-08,81.68,87.08,75.38,27.60
1438,RPM00098646,2020-12-09,81.50,89.06,,27.50
1439,RPM00098646,2020-12-10,81.86,89.24,,27.70
1440,RPM00098646,2020-12-11,82.22,88.88,75.56,27.90
1441,RPM00098646,2020-12-12,83.30,,,28.50
1442,RPM00098646,2020-12-13,83.48,89.96,,28.60
1443,RPM00098646,2020-12-14,81.50,89.42,,27.50
1444,RPM00098646,2020-12-15,82.40,87.98,77.72,28.00
1445,RPM00098646,2020-12-16,79.70,84.92,,26.50
1446,RPM00098646,2020-12-17,80.78,87.98,75.74,27.10
1447,RPM00098646,2020-12-18,78.44,,76.82,25.80
1448,RPM00098646,2020-12-19,81.68,87.62,76.64,27.60
1449,RPM00098646,2020-12-20,82.76,89.06,78.26,28.20
1450,RPM00098646,2020-12-21,82.40,88.16,78.62,28.00
1451,RPM00098646,2020-12-22,82.76,89.42,,28.20
1452,RPM00098646,2020-12-23,82.58,88.16,,28.10
1453,RPM00098646,2020-12-24,82.94,88.52,76.82,28.30
1454,RPM00098646,2020-12-25,80.24,84.38,,26.80
1455,RPM00098646,2020-12-26,80.96,88.34,,27.20
1456,RPM00098646,2020-12-27,80.96,86.72,75.38,27.20
1457,RPM00098646,2020-12-28,78.62,,,25.90
1458,RPM00098646,2020-12-29,82.04,89.24,75.38,27.80
1459,RPM00098646,2020-12-30,81.86,87.80,,27.70
1460,RPM00098646,2020-12-31,81.68,86.54,,27.60
